ERROR - 2026-07-01 17:13:31 --> Unknown column 'updated_at' in 'field list'
in SYSTEMPATH\Database\MySQLi\Connection.php on line 300.
 1 SYSTEMPATH\Database\MySQLi\Connection.php(300): mysqli->query('INSERT INTO `orders` (`user_id`, `order_number`, `product_name`, `product_image`, `weight`, `quantity`, `subtotal`, `payment_method`, `order_status`, `created_at`, `updated_at`) VALUES (\'3\', \'ORD20260701171330\', \'Dried Blueberries\', \'1781546507_7ef3b6235bcbd9698ddb.webp\', \'500 Gram\', \'1\', \'252\', \'Credit Card / Debit Card / NetBanking\', \'Paid\', \'2026-07-01 17:13:30\', \'2026-07-01 17:13:30\')', 0)
 2 SYSTEMPATH\Database\BaseConnection.php(910): CodeIgniter\Database\MySQLi\Connection->execute('INSERT INTO `orders` (`user_id`, `order_number`, `product_name`, `product_image`, `weight`, `quantity`, `subtotal`, `payment_method`, `order_status`, `created_at`, `updated_at`) VALUES (\'3\', \'ORD20260701171330\', \'Dried Blueberries\', \'1781546507_7ef3b6235bcbd9698ddb.webp\', \'500 Gram\', \'1\', \'252\', \'Credit Card / Debit Card / NetBanking\', \'Paid\', \'2026-07-01 17:13:30\', \'2026-07-01 17:13:30\')')
 3 SYSTEMPATH\Database\BaseConnection.php(827): CodeIgniter\Database\BaseConnection->simpleQuery('INSERT INTO `orders` (`user_id`, `order_number`, `product_name`, `product_image`, `weight`, `quantity`, `subtotal`, `payment_method`, `order_status`, `created_at`, `updated_at`) VALUES (\'3\', \'ORD20260701171330\', \'Dried Blueberries\', \'1781546507_7ef3b6235bcbd9698ddb.webp\', \'500 Gram\', \'1\', \'252\', \'Credit Card / Debit Card / NetBanking\', \'Paid\', \'2026-07-01 17:13:30\', \'2026-07-01 17:13:30\')')
 4 SYSTEMPATH\Database\BaseBuilder.php(2345): CodeIgniter\Database\BaseConnection->query('INSERT INTO `orders` (`user_id`, `order_number`, `product_name`, `product_image`, `weight`, `quantity`, `subtotal`, `payment_method`, `order_status`, `created_at`, `updated_at`) VALUES (:user_id:, :order_number:, :product_name:, :product_image:, :weight:, :quantity:, :subtotal:, :payment_method:, :order_status:, :created_at:, :updated_at:)', [...], false)
 5 SYSTEMPATH\Model.php(355): CodeIgniter\Database\BaseBuilder->insert()
 6 SYSTEMPATH\BaseModel.php(899): CodeIgniter\Model->doInsert([...])
 7 SYSTEMPATH\Model.php(668): CodeIgniter\BaseModel->insert([...], true)
 8 APPPATH\Controllers\PaymentController.php(44): CodeIgniter\Model->insert([...])
 9 SYSTEMPATH\CodeIgniter.php(951): App\Controllers\PaymentController->payNow()
10 SYSTEMPATH\CodeIgniter.php(497): CodeIgniter\CodeIgniter->runController(Object(App\Controllers\PaymentController))
11 SYSTEMPATH\CodeIgniter.php(340): CodeIgniter\CodeIgniter->handleRequest(null, Object(Config\Cache), false)
12 SYSTEMPATH\Boot.php(417): CodeIgniter\CodeIgniter->run()
13 SYSTEMPATH\Boot.php(68): CodeIgniter\Boot::runCodeIgniter(Object(CodeIgniter\CodeIgniter))
14 FCPATH\index.php(59): CodeIgniter\Boot::bootWeb(Object(Config\Paths))
15 SYSTEMPATH\rewrite.php(44): require_once('D:\\customize_gifts\\public\\index.php')
CRITICAL - 2026-07-01 17:13:31 --> CodeIgniter\Database\Exceptions\DatabaseException: Unknown column 'updated_at' in 'field list'
[Method: GET, Route: pay-now]
in SYSTEMPATH\Database\BaseConnection.php on line 865.
 1 SYSTEMPATH\Database\BaseBuilder.php(2345): CodeIgniter\Database\BaseConnection->query('INSERT INTO `orders` (`user_id`, `order_number`, `product_name`, `product_image`, `weight`, `quantity`, `subtotal`, `payment_method`, `order_status`, `created_at`, `updated_at`) VALUES (:user_id:, :order_number:, :product_name:, :product_image:, :weight:, :quantity:, :subtotal:, :payment_method:, :order_status:, :created_at:, :updated_at:)', [...], false)
 2 SYSTEMPATH\Model.php(355): CodeIgniter\Database\BaseBuilder->insert()
 3 SYSTEMPATH\BaseModel.php(899): CodeIgniter\Model->doInsert([...])
 4 SYSTEMPATH\Model.php(668): CodeIgniter\BaseModel->insert([...], true)
 5 APPPATH\Controllers\PaymentController.php(44): CodeIgniter\Model->insert([...])
 6 SYSTEMPATH\CodeIgniter.php(951): App\Controllers\PaymentController->payNow()
 7 SYSTEMPATH\CodeIgniter.php(497): CodeIgniter\CodeIgniter->runController(Object(App\Controllers\PaymentController))
 8 SYSTEMPATH\CodeIgniter.php(340): CodeIgniter\CodeIgniter->handleRequest(null, Object(Config\Cache), false)
 9 SYSTEMPATH\Boot.php(417): CodeIgniter\CodeIgniter->run()
10 SYSTEMPATH\Boot.php(68): CodeIgniter\Boot::runCodeIgniter(Object(CodeIgniter\CodeIgniter))
11 FCPATH\index.php(59): CodeIgniter\Boot::bootWeb(Object(Config\Paths))
12 SYSTEMPATH\rewrite.php(44): require_once('D:\\customize_gifts\\public\\index.php')
CRITICAL - 2026-07-01 17:13:31 --> [Caused by] CodeIgniter\Database\Exceptions\DatabaseException: Unknown column 'updated_at' in 'field list'
in SYSTEMPATH\Database\MySQLi\Connection.php on line 310.
 1 SYSTEMPATH\Database\BaseConnection.php(910): CodeIgniter\Database\MySQLi\Connection->execute('INSERT INTO `orders` (`user_id`, `order_number`, `product_name`, `product_image`, `weight`, `quantity`, `subtotal`, `payment_method`, `order_status`, `created_at`, `updated_at`) VALUES (\'3\', \'ORD20260701171330\', \'Dried Blueberries\', \'1781546507_7ef3b6235bcbd9698ddb.webp\', \'500 Gram\', \'1\', \'252\', \'Credit Card / Debit Card / NetBanking\', \'Paid\', \'2026-07-01 17:13:30\', \'2026-07-01 17:13:30\')')
 2 SYSTEMPATH\Database\BaseConnection.php(827): CodeIgniter\Database\BaseConnection->simpleQuery('INSERT INTO `orders` (`user_id`, `order_number`, `product_name`, `product_image`, `weight`, `quantity`, `subtotal`, `payment_method`, `order_status`, `created_at`, `updated_at`) VALUES (\'3\', \'ORD20260701171330\', \'Dried Blueberries\', \'1781546507_7ef3b6235bcbd9698ddb.webp\', \'500 Gram\', \'1\', \'252\', \'Credit Card / Debit Card / NetBanking\', \'Paid\', \'2026-07-01 17:13:30\', \'2026-07-01 17:13:30\')')
 3 SYSTEMPATH\Database\BaseBuilder.php(2345): CodeIgniter\Database\BaseConnection->query('INSERT INTO `orders` (`user_id`, `order_number`, `product_name`, `product_image`, `weight`, `quantity`, `subtotal`, `payment_method`, `order_status`, `created_at`, `updated_at`) VALUES (:user_id:, :order_number:, :product_name:, :product_image:, :weight:, :quantity:, :subtotal:, :payment_method:, :order_status:, :created_at:, :updated_at:)', [...], false)
 4 SYSTEMPATH\Model.php(355): CodeIgniter\Database\BaseBuilder->insert()
 5 SYSTEMPATH\BaseModel.php(899): CodeIgniter\Model->doInsert([...])
 6 SYSTEMPATH\Model.php(668): CodeIgniter\BaseModel->insert([...], true)
 7 APPPATH\Controllers\PaymentController.php(44): CodeIgniter\Model->insert([...])
 8 SYSTEMPATH\CodeIgniter.php(951): App\Controllers\PaymentController->payNow()
 9 SYSTEMPATH\CodeIgniter.php(497): CodeIgniter\CodeIgniter->runController(Object(App\Controllers\PaymentController))
10 SYSTEMPATH\CodeIgniter.php(340): CodeIgniter\CodeIgniter->handleRequest(null, Object(Config\Cache), false)
11 SYSTEMPATH\Boot.php(417): CodeIgniter\CodeIgniter->run()
12 SYSTEMPATH\Boot.php(68): CodeIgniter\Boot::runCodeIgniter(Object(CodeIgniter\CodeIgniter))
13 FCPATH\index.php(59): CodeIgniter\Boot::bootWeb(Object(Config\Paths))
14 SYSTEMPATH\rewrite.php(44): require_once('D:\\customize_gifts\\public\\index.php')
CRITICAL - 2026-07-01 17:13:31 --> [Caused by] mysqli_sql_exception: Unknown column 'updated_at' in 'field list'
in SYSTEMPATH\Database\MySQLi\Connection.php on line 300.
 1 SYSTEMPATH\Database\MySQLi\Connection.php(300): mysqli->query('INSERT INTO `orders` (`user_id`, `order_number`, `product_name`, `product_image`, `weight`, `quantity`, `subtotal`, `payment_method`, `order_status`, `created_at`, `updated_at`) VALUES (\'3\', \'ORD20260701171330\', \'Dried Blueberries\', \'1781546507_7ef3b6235bcbd9698ddb.webp\', \'500 Gram\', \'1\', \'252\', \'Credit Card / Debit Card / NetBanking\', \'Paid\', \'2026-07-01 17:13:30\', \'2026-07-01 17:13:30\')', 0)
 2 SYSTEMPATH\Database\BaseConnection.php(910): CodeIgniter\Database\MySQLi\Connection->execute('INSERT INTO `orders` (`user_id`, `order_number`, `product_name`, `product_image`, `weight`, `quantity`, `subtotal`, `payment_method`, `order_status`, `created_at`, `updated_at`) VALUES (\'3\', \'ORD20260701171330\', \'Dried Blueberries\', \'1781546507_7ef3b6235bcbd9698ddb.webp\', \'500 Gram\', \'1\', \'252\', \'Credit Card / Debit Card / NetBanking\', \'Paid\', \'2026-07-01 17:13:30\', \'2026-07-01 17:13:30\')')
 3 SYSTEMPATH\Database\BaseConnection.php(827): CodeIgniter\Database\BaseConnection->simpleQuery('INSERT INTO `orders` (`user_id`, `order_number`, `product_name`, `product_image`, `weight`, `quantity`, `subtotal`, `payment_method`, `order_status`, `created_at`, `updated_at`) VALUES (\'3\', \'ORD20260701171330\', \'Dried Blueberries\', \'1781546507_7ef3b6235bcbd9698ddb.webp\', \'500 Gram\', \'1\', \'252\', \'Credit Card / Debit Card / NetBanking\', \'Paid\', \'2026-07-01 17:13:30\', \'2026-07-01 17:13:30\')')
 4 SYSTEMPATH\Database\BaseBuilder.php(2345): CodeIgniter\Database\BaseConnection->query('INSERT INTO `orders` (`user_id`, `order_number`, `product_name`, `product_image`, `weight`, `quantity`, `subtotal`, `payment_method`, `order_status`, `created_at`, `updated_at`) VALUES (:user_id:, :order_number:, :product_name:, :product_image:, :weight:, :quantity:, :subtotal:, :payment_method:, :order_status:, :created_at:, :updated_at:)', [...], false)
 5 SYSTEMPATH\Model.php(355): CodeIgniter\Database\BaseBuilder->insert()
 6 SYSTEMPATH\BaseModel.php(899): CodeIgniter\Model->doInsert([...])
 7 SYSTEMPATH\Model.php(668): CodeIgniter\BaseModel->insert([...], true)
 8 APPPATH\Controllers\PaymentController.php(44): CodeIgniter\Model->insert([...])
 9 SYSTEMPATH\CodeIgniter.php(951): App\Controllers\PaymentController->payNow()
10 SYSTEMPATH\CodeIgniter.php(497): CodeIgniter\CodeIgniter->runController(Object(App\Controllers\PaymentController))
11 SYSTEMPATH\CodeIgniter.php(340): CodeIgniter\CodeIgniter->handleRequest(null, Object(Config\Cache), false)
12 SYSTEMPATH\Boot.php(417): CodeIgniter\CodeIgniter->run()
13 SYSTEMPATH\Boot.php(68): CodeIgniter\Boot::runCodeIgniter(Object(CodeIgniter\CodeIgniter))
14 FCPATH\index.php(59): CodeIgniter\Boot::bootWeb(Object(Config\Paths))
15 SYSTEMPATH\rewrite.php(44): require_once('D:\\customize_gifts\\public\\index.php')
ERROR - 2026-07-01 17:15:31 --> Unknown column 'updated_at' in 'field list'
in SYSTEMPATH\Database\MySQLi\Connection.php on line 300.
 1 SYSTEMPATH\Database\MySQLi\Connection.php(300): mysqli->query('INSERT INTO `orders` (`user_id`, `order_number`, `product_name`, `product_image`, `weight`, `quantity`, `subtotal`, `payment_method`, `order_status`, `created_at`, `updated_at`) VALUES (\'3\', \'ORD20260701171531\', \'Dried Blueberries\', \'1781546507_7ef3b6235bcbd9698ddb.webp\', \'500 Gram\', \'1\', \'252\', \'Credit Card / Debit Card / NetBanking\', \'Paid\', \'2026-07-01 17:15:31\', \'2026-07-01 17:15:31\')', 0)
 2 SYSTEMPATH\Database\BaseConnection.php(910): CodeIgniter\Database\MySQLi\Connection->execute('INSERT INTO `orders` (`user_id`, `order_number`, `product_name`, `product_image`, `weight`, `quantity`, `subtotal`, `payment_method`, `order_status`, `created_at`, `updated_at`) VALUES (\'3\', \'ORD20260701171531\', \'Dried Blueberries\', \'1781546507_7ef3b6235bcbd9698ddb.webp\', \'500 Gram\', \'1\', \'252\', \'Credit Card / Debit Card / NetBanking\', \'Paid\', \'2026-07-01 17:15:31\', \'2026-07-01 17:15:31\')')
 3 SYSTEMPATH\Database\BaseConnection.php(827): CodeIgniter\Database\BaseConnection->simpleQuery('INSERT INTO `orders` (`user_id`, `order_number`, `product_name`, `product_image`, `weight`, `quantity`, `subtotal`, `payment_method`, `order_status`, `created_at`, `updated_at`) VALUES (\'3\', \'ORD20260701171531\', \'Dried Blueberries\', \'1781546507_7ef3b6235bcbd9698ddb.webp\', \'500 Gram\', \'1\', \'252\', \'Credit Card / Debit Card / NetBanking\', \'Paid\', \'2026-07-01 17:15:31\', \'2026-07-01 17:15:31\')')
 4 SYSTEMPATH\Database\BaseBuilder.php(2345): CodeIgniter\Database\BaseConnection->query('INSERT INTO `orders` (`user_id`, `order_number`, `product_name`, `product_image`, `weight`, `quantity`, `subtotal`, `payment_method`, `order_status`, `created_at`, `updated_at`) VALUES (:user_id:, :order_number:, :product_name:, :product_image:, :weight:, :quantity:, :subtotal:, :payment_method:, :order_status:, :created_at:, :updated_at:)', [...], false)
 5 SYSTEMPATH\Model.php(355): CodeIgniter\Database\BaseBuilder->insert()
 6 SYSTEMPATH\BaseModel.php(899): CodeIgniter\Model->doInsert([...])
 7 SYSTEMPATH\Model.php(668): CodeIgniter\BaseModel->insert([...], true)
 8 APPPATH\Controllers\PaymentController.php(40): CodeIgniter\Model->insert([...])
 9 SYSTEMPATH\CodeIgniter.php(951): App\Controllers\PaymentController->payNow()
10 SYSTEMPATH\CodeIgniter.php(497): CodeIgniter\CodeIgniter->runController(Object(App\Controllers\PaymentController))
11 SYSTEMPATH\CodeIgniter.php(340): CodeIgniter\CodeIgniter->handleRequest(null, Object(Config\Cache), false)
12 SYSTEMPATH\Boot.php(417): CodeIgniter\CodeIgniter->run()
13 SYSTEMPATH\Boot.php(68): CodeIgniter\Boot::runCodeIgniter(Object(CodeIgniter\CodeIgniter))
14 FCPATH\index.php(59): CodeIgniter\Boot::bootWeb(Object(Config\Paths))
15 SYSTEMPATH\rewrite.php(44): require_once('D:\\customize_gifts\\public\\index.php')
CRITICAL - 2026-07-01 17:15:31 --> CodeIgniter\Database\Exceptions\DatabaseException: Unknown column 'updated_at' in 'field list'
[Method: GET, Route: pay-now]
in SYSTEMPATH\Database\BaseConnection.php on line 865.
 1 SYSTEMPATH\Database\BaseBuilder.php(2345): CodeIgniter\Database\BaseConnection->query('INSERT INTO `orders` (`user_id`, `order_number`, `product_name`, `product_image`, `weight`, `quantity`, `subtotal`, `payment_method`, `order_status`, `created_at`, `updated_at`) VALUES (:user_id:, :order_number:, :product_name:, :product_image:, :weight:, :quantity:, :subtotal:, :payment_method:, :order_status:, :created_at:, :updated_at:)', [...], false)
 2 SYSTEMPATH\Model.php(355): CodeIgniter\Database\BaseBuilder->insert()
 3 SYSTEMPATH\BaseModel.php(899): CodeIgniter\Model->doInsert([...])
 4 SYSTEMPATH\Model.php(668): CodeIgniter\BaseModel->insert([...], true)
 5 APPPATH\Controllers\PaymentController.php(40): CodeIgniter\Model->insert([...])
 6 SYSTEMPATH\CodeIgniter.php(951): App\Controllers\PaymentController->payNow()
 7 SYSTEMPATH\CodeIgniter.php(497): CodeIgniter\CodeIgniter->runController(Object(App\Controllers\PaymentController))
 8 SYSTEMPATH\CodeIgniter.php(340): CodeIgniter\CodeIgniter->handleRequest(null, Object(Config\Cache), false)
 9 SYSTEMPATH\Boot.php(417): CodeIgniter\CodeIgniter->run()
10 SYSTEMPATH\Boot.php(68): CodeIgniter\Boot::runCodeIgniter(Object(CodeIgniter\CodeIgniter))
11 FCPATH\index.php(59): CodeIgniter\Boot::bootWeb(Object(Config\Paths))
12 SYSTEMPATH\rewrite.php(44): require_once('D:\\customize_gifts\\public\\index.php')
CRITICAL - 2026-07-01 17:15:31 --> [Caused by] CodeIgniter\Database\Exceptions\DatabaseException: Unknown column 'updated_at' in 'field list'
in SYSTEMPATH\Database\MySQLi\Connection.php on line 310.
 1 SYSTEMPATH\Database\BaseConnection.php(910): CodeIgniter\Database\MySQLi\Connection->execute('INSERT INTO `orders` (`user_id`, `order_number`, `product_name`, `product_image`, `weight`, `quantity`, `subtotal`, `payment_method`, `order_status`, `created_at`, `updated_at`) VALUES (\'3\', \'ORD20260701171531\', \'Dried Blueberries\', \'1781546507_7ef3b6235bcbd9698ddb.webp\', \'500 Gram\', \'1\', \'252\', \'Credit Card / Debit Card / NetBanking\', \'Paid\', \'2026-07-01 17:15:31\', \'2026-07-01 17:15:31\')')
 2 SYSTEMPATH\Database\BaseConnection.php(827): CodeIgniter\Database\BaseConnection->simpleQuery('INSERT INTO `orders` (`user_id`, `order_number`, `product_name`, `product_image`, `weight`, `quantity`, `subtotal`, `payment_method`, `order_status`, `created_at`, `updated_at`) VALUES (\'3\', \'ORD20260701171531\', \'Dried Blueberries\', \'1781546507_7ef3b6235bcbd9698ddb.webp\', \'500 Gram\', \'1\', \'252\', \'Credit Card / Debit Card / NetBanking\', \'Paid\', \'2026-07-01 17:15:31\', \'2026-07-01 17:15:31\')')
 3 SYSTEMPATH\Database\BaseBuilder.php(2345): CodeIgniter\Database\BaseConnection->query('INSERT INTO `orders` (`user_id`, `order_number`, `product_name`, `product_image`, `weight`, `quantity`, `subtotal`, `payment_method`, `order_status`, `created_at`, `updated_at`) VALUES (:user_id:, :order_number:, :product_name:, :product_image:, :weight:, :quantity:, :subtotal:, :payment_method:, :order_status:, :created_at:, :updated_at:)', [...], false)
 4 SYSTEMPATH\Model.php(355): CodeIgniter\Database\BaseBuilder->insert()
 5 SYSTEMPATH\BaseModel.php(899): CodeIgniter\Model->doInsert([...])
 6 SYSTEMPATH\Model.php(668): CodeIgniter\BaseModel->insert([...], true)
 7 APPPATH\Controllers\PaymentController.php(40): CodeIgniter\Model->insert([...])
 8 SYSTEMPATH\CodeIgniter.php(951): App\Controllers\PaymentController->payNow()
 9 SYSTEMPATH\CodeIgniter.php(497): CodeIgniter\CodeIgniter->runController(Object(App\Controllers\PaymentController))
10 SYSTEMPATH\CodeIgniter.php(340): CodeIgniter\CodeIgniter->handleRequest(null, Object(Config\Cache), false)
11 SYSTEMPATH\Boot.php(417): CodeIgniter\CodeIgniter->run()
12 SYSTEMPATH\Boot.php(68): CodeIgniter\Boot::runCodeIgniter(Object(CodeIgniter\CodeIgniter))
13 FCPATH\index.php(59): CodeIgniter\Boot::bootWeb(Object(Config\Paths))
14 SYSTEMPATH\rewrite.php(44): require_once('D:\\customize_gifts\\public\\index.php')
CRITICAL - 2026-07-01 17:15:31 --> [Caused by] mysqli_sql_exception: Unknown column 'updated_at' in 'field list'
in SYSTEMPATH\Database\MySQLi\Connection.php on line 300.
 1 SYSTEMPATH\Database\MySQLi\Connection.php(300): mysqli->query('INSERT INTO `orders` (`user_id`, `order_number`, `product_name`, `product_image`, `weight`, `quantity`, `subtotal`, `payment_method`, `order_status`, `created_at`, `updated_at`) VALUES (\'3\', \'ORD20260701171531\', \'Dried Blueberries\', \'1781546507_7ef3b6235bcbd9698ddb.webp\', \'500 Gram\', \'1\', \'252\', \'Credit Card / Debit Card / NetBanking\', \'Paid\', \'2026-07-01 17:15:31\', \'2026-07-01 17:15:31\')', 0)
 2 SYSTEMPATH\Database\BaseConnection.php(910): CodeIgniter\Database\MySQLi\Connection->execute('INSERT INTO `orders` (`user_id`, `order_number`, `product_name`, `product_image`, `weight`, `quantity`, `subtotal`, `payment_method`, `order_status`, `created_at`, `updated_at`) VALUES (\'3\', \'ORD20260701171531\', \'Dried Blueberries\', \'1781546507_7ef3b6235bcbd9698ddb.webp\', \'500 Gram\', \'1\', \'252\', \'Credit Card / Debit Card / NetBanking\', \'Paid\', \'2026-07-01 17:15:31\', \'2026-07-01 17:15:31\')')
 3 SYSTEMPATH\Database\BaseConnection.php(827): CodeIgniter\Database\BaseConnection->simpleQuery('INSERT INTO `orders` (`user_id`, `order_number`, `product_name`, `product_image`, `weight`, `quantity`, `subtotal`, `payment_method`, `order_status`, `created_at`, `updated_at`) VALUES (\'3\', \'ORD20260701171531\', \'Dried Blueberries\', \'1781546507_7ef3b6235bcbd9698ddb.webp\', \'500 Gram\', \'1\', \'252\', \'Credit Card / Debit Card / NetBanking\', \'Paid\', \'2026-07-01 17:15:31\', \'2026-07-01 17:15:31\')')
 4 SYSTEMPATH\Database\BaseBuilder.php(2345): CodeIgniter\Database\BaseConnection->query('INSERT INTO `orders` (`user_id`, `order_number`, `product_name`, `product_image`, `weight`, `quantity`, `subtotal`, `payment_method`, `order_status`, `created_at`, `updated_at`) VALUES (:user_id:, :order_number:, :product_name:, :product_image:, :weight:, :quantity:, :subtotal:, :payment_method:, :order_status:, :created_at:, :updated_at:)', [...], false)
 5 SYSTEMPATH\Model.php(355): CodeIgniter\Database\BaseBuilder->insert()
 6 SYSTEMPATH\BaseModel.php(899): CodeIgniter\Model->doInsert([...])
 7 SYSTEMPATH\Model.php(668): CodeIgniter\BaseModel->insert([...], true)
 8 APPPATH\Controllers\PaymentController.php(40): CodeIgniter\Model->insert([...])
 9 SYSTEMPATH\CodeIgniter.php(951): App\Controllers\PaymentController->payNow()
10 SYSTEMPATH\CodeIgniter.php(497): CodeIgniter\CodeIgniter->runController(Object(App\Controllers\PaymentController))
11 SYSTEMPATH\CodeIgniter.php(340): CodeIgniter\CodeIgniter->handleRequest(null, Object(Config\Cache), false)
12 SYSTEMPATH\Boot.php(417): CodeIgniter\CodeIgniter->run()
13 SYSTEMPATH\Boot.php(68): CodeIgniter\Boot::runCodeIgniter(Object(CodeIgniter\CodeIgniter))
14 FCPATH\index.php(59): CodeIgniter\Boot::bootWeb(Object(Config\Paths))
15 SYSTEMPATH\rewrite.php(44): require_once('D:\\customize_gifts\\public\\index.php')
CRITICAL - 2026-07-01 17:17:04 --> CodeIgniter\Database\Exceptions\DataException: There is no data to insert.
[Method: GET, Route: pay-now]
in SYSTEMPATH\BaseModel.php on line 1876.
 1 SYSTEMPATH\BaseModel.php(1876): CodeIgniter\Database\Exceptions\DataException::forEmptyDataset('insert')
 2 SYSTEMPATH\BaseModel.php(865): CodeIgniter\BaseModel->transformDataToArray([], 'insert')
 3 SYSTEMPATH\Model.php(668): CodeIgniter\BaseModel->insert([], true)
 4 APPPATH\Controllers\PaymentController.php(40): CodeIgniter\Model->insert([])
 5 SYSTEMPATH\CodeIgniter.php(951): App\Controllers\PaymentController->payNow()
 6 SYSTEMPATH\CodeIgniter.php(497): CodeIgniter\CodeIgniter->runController(Object(App\Controllers\PaymentController))
 7 SYSTEMPATH\CodeIgniter.php(340): CodeIgniter\CodeIgniter->handleRequest(null, Object(Config\Cache), false)
 8 SYSTEMPATH\Boot.php(417): CodeIgniter\CodeIgniter->run()
 9 SYSTEMPATH\Boot.php(68): CodeIgniter\Boot::runCodeIgniter(Object(CodeIgniter\CodeIgniter))
10 FCPATH\index.php(59): CodeIgniter\Boot::bootWeb(Object(Config\Paths))
11 SYSTEMPATH\rewrite.php(44): require_once('D:\\customize_gifts\\public\\index.php')
ERROR - 2026-07-01 17:18:42 --> Unknown column 'updated_at' in 'field list'
in SYSTEMPATH\Database\MySQLi\Connection.php on line 300.
 1 SYSTEMPATH\Database\MySQLi\Connection.php(300): mysqli->query('INSERT INTO `orders` (`user_id`, `created_at`, `updated_at`) VALUES (\'3\', \'2026-07-01 17:18:42\', \'2026-07-01 17:18:42\')', 0)
 2 SYSTEMPATH\Database\BaseConnection.php(910): CodeIgniter\Database\MySQLi\Connection->execute('INSERT INTO `orders` (`user_id`, `created_at`, `updated_at`) VALUES (\'3\', \'2026-07-01 17:18:42\', \'2026-07-01 17:18:42\')')
 3 SYSTEMPATH\Database\BaseConnection.php(827): CodeIgniter\Database\BaseConnection->simpleQuery('INSERT INTO `orders` (`user_id`, `created_at`, `updated_at`) VALUES (\'3\', \'2026-07-01 17:18:42\', \'2026-07-01 17:18:42\')')
 4 SYSTEMPATH\Database\BaseBuilder.php(2345): CodeIgniter\Database\BaseConnection->query('INSERT INTO `orders` (`user_id`, `created_at`, `updated_at`) VALUES (:user_id:, :created_at:, :updated_at:)', [...], false)
 5 SYSTEMPATH\Model.php(355): CodeIgniter\Database\BaseBuilder->insert()
 6 SYSTEMPATH\BaseModel.php(899): CodeIgniter\Model->doInsert([...])
 7 SYSTEMPATH\Model.php(668): CodeIgniter\BaseModel->insert([...], true)
 8 APPPATH\Controllers\PaymentController.php(40): CodeIgniter\Model->insert([...])
 9 SYSTEMPATH\CodeIgniter.php(951): App\Controllers\PaymentController->payNow()
10 SYSTEMPATH\CodeIgniter.php(497): CodeIgniter\CodeIgniter->runController(Object(App\Controllers\PaymentController))
11 SYSTEMPATH\CodeIgniter.php(340): CodeIgniter\CodeIgniter->handleRequest(null, Object(Config\Cache), false)
12 SYSTEMPATH\Boot.php(417): CodeIgniter\CodeIgniter->run()
13 SYSTEMPATH\Boot.php(68): CodeIgniter\Boot::runCodeIgniter(Object(CodeIgniter\CodeIgniter))
14 FCPATH\index.php(59): CodeIgniter\Boot::bootWeb(Object(Config\Paths))
15 SYSTEMPATH\rewrite.php(44): require_once('D:\\customize_gifts\\public\\index.php')
CRITICAL - 2026-07-01 17:18:42 --> CodeIgniter\Database\Exceptions\DatabaseException: Unknown column 'updated_at' in 'field list'
[Method: GET, Route: pay-now]
in SYSTEMPATH\Database\BaseConnection.php on line 865.
 1 SYSTEMPATH\Database\BaseBuilder.php(2345): CodeIgniter\Database\BaseConnection->query('INSERT INTO `orders` (`user_id`, `created_at`, `updated_at`) VALUES (:user_id:, :created_at:, :updated_at:)', [...], false)
 2 SYSTEMPATH\Model.php(355): CodeIgniter\Database\BaseBuilder->insert()
 3 SYSTEMPATH\BaseModel.php(899): CodeIgniter\Model->doInsert([...])
 4 SYSTEMPATH\Model.php(668): CodeIgniter\BaseModel->insert([...], true)
 5 APPPATH\Controllers\PaymentController.php(40): CodeIgniter\Model->insert([...])
 6 SYSTEMPATH\CodeIgniter.php(951): App\Controllers\PaymentController->payNow()
 7 SYSTEMPATH\CodeIgniter.php(497): CodeIgniter\CodeIgniter->runController(Object(App\Controllers\PaymentController))
 8 SYSTEMPATH\CodeIgniter.php(340): CodeIgniter\CodeIgniter->handleRequest(null, Object(Config\Cache), false)
 9 SYSTEMPATH\Boot.php(417): CodeIgniter\CodeIgniter->run()
10 SYSTEMPATH\Boot.php(68): CodeIgniter\Boot::runCodeIgniter(Object(CodeIgniter\CodeIgniter))
11 FCPATH\index.php(59): CodeIgniter\Boot::bootWeb(Object(Config\Paths))
12 SYSTEMPATH\rewrite.php(44): require_once('D:\\customize_gifts\\public\\index.php')
CRITICAL - 2026-07-01 17:18:42 --> [Caused by] CodeIgniter\Database\Exceptions\DatabaseException: Unknown column 'updated_at' in 'field list'
in SYSTEMPATH\Database\MySQLi\Connection.php on line 310.
 1 SYSTEMPATH\Database\BaseConnection.php(910): CodeIgniter\Database\MySQLi\Connection->execute('INSERT INTO `orders` (`user_id`, `created_at`, `updated_at`) VALUES (\'3\', \'2026-07-01 17:18:42\', \'2026-07-01 17:18:42\')')
 2 SYSTEMPATH\Database\BaseConnection.php(827): CodeIgniter\Database\BaseConnection->simpleQuery('INSERT INTO `orders` (`user_id`, `created_at`, `updated_at`) VALUES (\'3\', \'2026-07-01 17:18:42\', \'2026-07-01 17:18:42\')')
 3 SYSTEMPATH\Database\BaseBuilder.php(2345): CodeIgniter\Database\BaseConnection->query('INSERT INTO `orders` (`user_id`, `created_at`, `updated_at`) VALUES (:user_id:, :created_at:, :updated_at:)', [...], false)
 4 SYSTEMPATH\Model.php(355): CodeIgniter\Database\BaseBuilder->insert()
 5 SYSTEMPATH\BaseModel.php(899): CodeIgniter\Model->doInsert([...])
 6 SYSTEMPATH\Model.php(668): CodeIgniter\BaseModel->insert([...], true)
 7 APPPATH\Controllers\PaymentController.php(40): CodeIgniter\Model->insert([...])
 8 SYSTEMPATH\CodeIgniter.php(951): App\Controllers\PaymentController->payNow()
 9 SYSTEMPATH\CodeIgniter.php(497): CodeIgniter\CodeIgniter->runController(Object(App\Controllers\PaymentController))
10 SYSTEMPATH\CodeIgniter.php(340): CodeIgniter\CodeIgniter->handleRequest(null, Object(Config\Cache), false)
11 SYSTEMPATH\Boot.php(417): CodeIgniter\CodeIgniter->run()
12 SYSTEMPATH\Boot.php(68): CodeIgniter\Boot::runCodeIgniter(Object(CodeIgniter\CodeIgniter))
13 FCPATH\index.php(59): CodeIgniter\Boot::bootWeb(Object(Config\Paths))
14 SYSTEMPATH\rewrite.php(44): require_once('D:\\customize_gifts\\public\\index.php')
CRITICAL - 2026-07-01 17:18:42 --> [Caused by] mysqli_sql_exception: Unknown column 'updated_at' in 'field list'
in SYSTEMPATH\Database\MySQLi\Connection.php on line 300.
 1 SYSTEMPATH\Database\MySQLi\Connection.php(300): mysqli->query('INSERT INTO `orders` (`user_id`, `created_at`, `updated_at`) VALUES (\'3\', \'2026-07-01 17:18:42\', \'2026-07-01 17:18:42\')', 0)
 2 SYSTEMPATH\Database\BaseConnection.php(910): CodeIgniter\Database\MySQLi\Connection->execute('INSERT INTO `orders` (`user_id`, `created_at`, `updated_at`) VALUES (\'3\', \'2026-07-01 17:18:42\', \'2026-07-01 17:18:42\')')
 3 SYSTEMPATH\Database\BaseConnection.php(827): CodeIgniter\Database\BaseConnection->simpleQuery('INSERT INTO `orders` (`user_id`, `created_at`, `updated_at`) VALUES (\'3\', \'2026-07-01 17:18:42\', \'2026-07-01 17:18:42\')')
 4 SYSTEMPATH\Database\BaseBuilder.php(2345): CodeIgniter\Database\BaseConnection->query('INSERT INTO `orders` (`user_id`, `created_at`, `updated_at`) VALUES (:user_id:, :created_at:, :updated_at:)', [...], false)
 5 SYSTEMPATH\Model.php(355): CodeIgniter\Database\BaseBuilder->insert()
 6 SYSTEMPATH\BaseModel.php(899): CodeIgniter\Model->doInsert([...])
 7 SYSTEMPATH\Model.php(668): CodeIgniter\BaseModel->insert([...], true)
 8 APPPATH\Controllers\PaymentController.php(40): CodeIgniter\Model->insert([...])
 9 SYSTEMPATH\CodeIgniter.php(951): App\Controllers\PaymentController->payNow()
10 SYSTEMPATH\CodeIgniter.php(497): CodeIgniter\CodeIgniter->runController(Object(App\Controllers\PaymentController))
11 SYSTEMPATH\CodeIgniter.php(340): CodeIgniter\CodeIgniter->handleRequest(null, Object(Config\Cache), false)
12 SYSTEMPATH\Boot.php(417): CodeIgniter\CodeIgniter->run()
13 SYSTEMPATH\Boot.php(68): CodeIgniter\Boot::runCodeIgniter(Object(CodeIgniter\CodeIgniter))
14 FCPATH\index.php(59): CodeIgniter\Boot::bootWeb(Object(Config\Paths))
15 SYSTEMPATH\rewrite.php(44): require_once('D:\\customize_gifts\\public\\index.php')
ERROR - 2026-07-01 17:21:40 --> Unknown column 'updated_at' in 'field list'
in SYSTEMPATH\Database\MySQLi\Connection.php on line 300.
 1 SYSTEMPATH\Database\MySQLi\Connection.php(300): mysqli->query('INSERT INTO `orders` (`user_id`, `order_number`, `product_name`, `product_image`, `weight`, `quantity`, `subtotal`, `payment_method`, `order_status`, `created_at`, `updated_at`) VALUES (\'3\', \'ORD20260701172140\', \'California Almond\', \'1781326894_667a0b08510655f75387.jpg\', \'250 Gram\', \'1\', \'95\', \'Credit Card / Debit Card / NetBanking\', \'Paid\', \'2026-07-01 17:21:40\', \'2026-07-01 17:21:40\')', 0)
 2 SYSTEMPATH\Database\BaseConnection.php(910): CodeIgniter\Database\MySQLi\Connection->execute('INSERT INTO `orders` (`user_id`, `order_number`, `product_name`, `product_image`, `weight`, `quantity`, `subtotal`, `payment_method`, `order_status`, `created_at`, `updated_at`) VALUES (\'3\', \'ORD20260701172140\', \'California Almond\', \'1781326894_667a0b08510655f75387.jpg\', \'250 Gram\', \'1\', \'95\', \'Credit Card / Debit Card / NetBanking\', \'Paid\', \'2026-07-01 17:21:40\', \'2026-07-01 17:21:40\')')
 3 SYSTEMPATH\Database\BaseConnection.php(827): CodeIgniter\Database\BaseConnection->simpleQuery('INSERT INTO `orders` (`user_id`, `order_number`, `product_name`, `product_image`, `weight`, `quantity`, `subtotal`, `payment_method`, `order_status`, `created_at`, `updated_at`) VALUES (\'3\', \'ORD20260701172140\', \'California Almond\', \'1781326894_667a0b08510655f75387.jpg\', \'250 Gram\', \'1\', \'95\', \'Credit Card / Debit Card / NetBanking\', \'Paid\', \'2026-07-01 17:21:40\', \'2026-07-01 17:21:40\')')
 4 SYSTEMPATH\Database\BaseBuilder.php(2345): CodeIgniter\Database\BaseConnection->query('INSERT INTO `orders` (`user_id`, `order_number`, `product_name`, `product_image`, `weight`, `quantity`, `subtotal`, `payment_method`, `order_status`, `created_at`, `updated_at`) VALUES (:user_id:, :order_number:, :product_name:, :product_image:, :weight:, :quantity:, :subtotal:, :payment_method:, :order_status:, :created_at:, :updated_at:)', [...], false)
 5 SYSTEMPATH\Model.php(355): CodeIgniter\Database\BaseBuilder->insert()
 6 SYSTEMPATH\BaseModel.php(899): CodeIgniter\Model->doInsert([...])
 7 SYSTEMPATH\Model.php(668): CodeIgniter\BaseModel->insert([...], true)
 8 APPPATH\Controllers\PaymentController.php(51): CodeIgniter\Model->insert([...])
 9 SYSTEMPATH\CodeIgniter.php(951): App\Controllers\PaymentController->payNow()
10 SYSTEMPATH\CodeIgniter.php(497): CodeIgniter\CodeIgniter->runController(Object(App\Controllers\PaymentController))
11 SYSTEMPATH\CodeIgniter.php(340): CodeIgniter\CodeIgniter->handleRequest(null, Object(Config\Cache), false)
12 SYSTEMPATH\Boot.php(417): CodeIgniter\CodeIgniter->run()
13 SYSTEMPATH\Boot.php(68): CodeIgniter\Boot::runCodeIgniter(Object(CodeIgniter\CodeIgniter))
14 FCPATH\index.php(59): CodeIgniter\Boot::bootWeb(Object(Config\Paths))
15 SYSTEMPATH\rewrite.php(44): require_once('D:\\customize_gifts\\public\\index.php')
CRITICAL - 2026-07-01 17:21:40 --> CodeIgniter\Database\Exceptions\DatabaseException: Unknown column 'updated_at' in 'field list'
[Method: GET, Route: pay-now]
in SYSTEMPATH\Database\BaseConnection.php on line 865.
 1 SYSTEMPATH\Database\BaseBuilder.php(2345): CodeIgniter\Database\BaseConnection->query('INSERT INTO `orders` (`user_id`, `order_number`, `product_name`, `product_image`, `weight`, `quantity`, `subtotal`, `payment_method`, `order_status`, `created_at`, `updated_at`) VALUES (:user_id:, :order_number:, :product_name:, :product_image:, :weight:, :quantity:, :subtotal:, :payment_method:, :order_status:, :created_at:, :updated_at:)', [...], false)
 2 SYSTEMPATH\Model.php(355): CodeIgniter\Database\BaseBuilder->insert()
 3 SYSTEMPATH\BaseModel.php(899): CodeIgniter\Model->doInsert([...])
 4 SYSTEMPATH\Model.php(668): CodeIgniter\BaseModel->insert([...], true)
 5 APPPATH\Controllers\PaymentController.php(51): CodeIgniter\Model->insert([...])
 6 SYSTEMPATH\CodeIgniter.php(951): App\Controllers\PaymentController->payNow()
 7 SYSTEMPATH\CodeIgniter.php(497): CodeIgniter\CodeIgniter->runController(Object(App\Controllers\PaymentController))
 8 SYSTEMPATH\CodeIgniter.php(340): CodeIgniter\CodeIgniter->handleRequest(null, Object(Config\Cache), false)
 9 SYSTEMPATH\Boot.php(417): CodeIgniter\CodeIgniter->run()
10 SYSTEMPATH\Boot.php(68): CodeIgniter\Boot::runCodeIgniter(Object(CodeIgniter\CodeIgniter))
11 FCPATH\index.php(59): CodeIgniter\Boot::bootWeb(Object(Config\Paths))
12 SYSTEMPATH\rewrite.php(44): require_once('D:\\customize_gifts\\public\\index.php')
CRITICAL - 2026-07-01 17:21:40 --> [Caused by] CodeIgniter\Database\Exceptions\DatabaseException: Unknown column 'updated_at' in 'field list'
in SYSTEMPATH\Database\MySQLi\Connection.php on line 310.
 1 SYSTEMPATH\Database\BaseConnection.php(910): CodeIgniter\Database\MySQLi\Connection->execute('INSERT INTO `orders` (`user_id`, `order_number`, `product_name`, `product_image`, `weight`, `quantity`, `subtotal`, `payment_method`, `order_status`, `created_at`, `updated_at`) VALUES (\'3\', \'ORD20260701172140\', \'California Almond\', \'1781326894_667a0b08510655f75387.jpg\', \'250 Gram\', \'1\', \'95\', \'Credit Card / Debit Card / NetBanking\', \'Paid\', \'2026-07-01 17:21:40\', \'2026-07-01 17:21:40\')')
 2 SYSTEMPATH\Database\BaseConnection.php(827): CodeIgniter\Database\BaseConnection->simpleQuery('INSERT INTO `orders` (`user_id`, `order_number`, `product_name`, `product_image`, `weight`, `quantity`, `subtotal`, `payment_method`, `order_status`, `created_at`, `updated_at`) VALUES (\'3\', \'ORD20260701172140\', \'California Almond\', \'1781326894_667a0b08510655f75387.jpg\', \'250 Gram\', \'1\', \'95\', \'Credit Card / Debit Card / NetBanking\', \'Paid\', \'2026-07-01 17:21:40\', \'2026-07-01 17:21:40\')')
 3 SYSTEMPATH\Database\BaseBuilder.php(2345): CodeIgniter\Database\BaseConnection->query('INSERT INTO `orders` (`user_id`, `order_number`, `product_name`, `product_image`, `weight`, `quantity`, `subtotal`, `payment_method`, `order_status`, `created_at`, `updated_at`) VALUES (:user_id:, :order_number:, :product_name:, :product_image:, :weight:, :quantity:, :subtotal:, :payment_method:, :order_status:, :created_at:, :updated_at:)', [...], false)
 4 SYSTEMPATH\Model.php(355): CodeIgniter\Database\BaseBuilder->insert()
 5 SYSTEMPATH\BaseModel.php(899): CodeIgniter\Model->doInsert([...])
 6 SYSTEMPATH\Model.php(668): CodeIgniter\BaseModel->insert([...], true)
 7 APPPATH\Controllers\PaymentController.php(51): CodeIgniter\Model->insert([...])
 8 SYSTEMPATH\CodeIgniter.php(951): App\Controllers\PaymentController->payNow()
 9 SYSTEMPATH\CodeIgniter.php(497): CodeIgniter\CodeIgniter->runController(Object(App\Controllers\PaymentController))
10 SYSTEMPATH\CodeIgniter.php(340): CodeIgniter\CodeIgniter->handleRequest(null, Object(Config\Cache), false)
11 SYSTEMPATH\Boot.php(417): CodeIgniter\CodeIgniter->run()
12 SYSTEMPATH\Boot.php(68): CodeIgniter\Boot::runCodeIgniter(Object(CodeIgniter\CodeIgniter))
13 FCPATH\index.php(59): CodeIgniter\Boot::bootWeb(Object(Config\Paths))
14 SYSTEMPATH\rewrite.php(44): require_once('D:\\customize_gifts\\public\\index.php')
CRITICAL - 2026-07-01 17:21:40 --> [Caused by] mysqli_sql_exception: Unknown column 'updated_at' in 'field list'
in SYSTEMPATH\Database\MySQLi\Connection.php on line 300.
 1 SYSTEMPATH\Database\MySQLi\Connection.php(300): mysqli->query('INSERT INTO `orders` (`user_id`, `order_number`, `product_name`, `product_image`, `weight`, `quantity`, `subtotal`, `payment_method`, `order_status`, `created_at`, `updated_at`) VALUES (\'3\', \'ORD20260701172140\', \'California Almond\', \'1781326894_667a0b08510655f75387.jpg\', \'250 Gram\', \'1\', \'95\', \'Credit Card / Debit Card / NetBanking\', \'Paid\', \'2026-07-01 17:21:40\', \'2026-07-01 17:21:40\')', 0)
 2 SYSTEMPATH\Database\BaseConnection.php(910): CodeIgniter\Database\MySQLi\Connection->execute('INSERT INTO `orders` (`user_id`, `order_number`, `product_name`, `product_image`, `weight`, `quantity`, `subtotal`, `payment_method`, `order_status`, `created_at`, `updated_at`) VALUES (\'3\', \'ORD20260701172140\', \'California Almond\', \'1781326894_667a0b08510655f75387.jpg\', \'250 Gram\', \'1\', \'95\', \'Credit Card / Debit Card / NetBanking\', \'Paid\', \'2026-07-01 17:21:40\', \'2026-07-01 17:21:40\')')
 3 SYSTEMPATH\Database\BaseConnection.php(827): CodeIgniter\Database\BaseConnection->simpleQuery('INSERT INTO `orders` (`user_id`, `order_number`, `product_name`, `product_image`, `weight`, `quantity`, `subtotal`, `payment_method`, `order_status`, `created_at`, `updated_at`) VALUES (\'3\', \'ORD20260701172140\', \'California Almond\', \'1781326894_667a0b08510655f75387.jpg\', \'250 Gram\', \'1\', \'95\', \'Credit Card / Debit Card / NetBanking\', \'Paid\', \'2026-07-01 17:21:40\', \'2026-07-01 17:21:40\')')
 4 SYSTEMPATH\Database\BaseBuilder.php(2345): CodeIgniter\Database\BaseConnection->query('INSERT INTO `orders` (`user_id`, `order_number`, `product_name`, `product_image`, `weight`, `quantity`, `subtotal`, `payment_method`, `order_status`, `created_at`, `updated_at`) VALUES (:user_id:, :order_number:, :product_name:, :product_image:, :weight:, :quantity:, :subtotal:, :payment_method:, :order_status:, :created_at:, :updated_at:)', [...], false)
 5 SYSTEMPATH\Model.php(355): CodeIgniter\Database\BaseBuilder->insert()
 6 SYSTEMPATH\BaseModel.php(899): CodeIgniter\Model->doInsert([...])
 7 SYSTEMPATH\Model.php(668): CodeIgniter\BaseModel->insert([...], true)
 8 APPPATH\Controllers\PaymentController.php(51): CodeIgniter\Model->insert([...])
 9 SYSTEMPATH\CodeIgniter.php(951): App\Controllers\PaymentController->payNow()
10 SYSTEMPATH\CodeIgniter.php(497): CodeIgniter\CodeIgniter->runController(Object(App\Controllers\PaymentController))
11 SYSTEMPATH\CodeIgniter.php(340): CodeIgniter\CodeIgniter->handleRequest(null, Object(Config\Cache), false)
12 SYSTEMPATH\Boot.php(417): CodeIgniter\CodeIgniter->run()
13 SYSTEMPATH\Boot.php(68): CodeIgniter\Boot::runCodeIgniter(Object(CodeIgniter\CodeIgniter))
14 FCPATH\index.php(59): CodeIgniter\Boot::bootWeb(Object(Config\Paths))
15 SYSTEMPATH\rewrite.php(44): require_once('D:\\customize_gifts\\public\\index.php')
CRITICAL - 2026-07-01 17:21:59 --> CodeIgniter\Database\Exceptions\DataException: There is no data to insert.
[Method: GET, Route: pay-now]
in SYSTEMPATH\BaseModel.php on line 1876.
 1 SYSTEMPATH\BaseModel.php(1876): CodeIgniter\Database\Exceptions\DataException::forEmptyDataset('insert')
 2 SYSTEMPATH\BaseModel.php(865): CodeIgniter\BaseModel->transformDataToArray([], 'insert')
 3 SYSTEMPATH\Model.php(668): CodeIgniter\BaseModel->insert([], true)
 4 APPPATH\Controllers\PaymentController.php(43): CodeIgniter\Model->insert([])
 5 SYSTEMPATH\CodeIgniter.php(951): App\Controllers\PaymentController->payNow()
 6 SYSTEMPATH\CodeIgniter.php(497): CodeIgniter\CodeIgniter->runController(Object(App\Controllers\PaymentController))
 7 SYSTEMPATH\CodeIgniter.php(340): CodeIgniter\CodeIgniter->handleRequest(null, Object(Config\Cache), false)
 8 SYSTEMPATH\Boot.php(417): CodeIgniter\CodeIgniter->run()
 9 SYSTEMPATH\Boot.php(68): CodeIgniter\Boot::runCodeIgniter(Object(CodeIgniter\CodeIgniter))
10 FCPATH\index.php(59): CodeIgniter\Boot::bootWeb(Object(Config\Paths))
11 SYSTEMPATH\rewrite.php(44): require_once('D:\\customize_gifts\\public\\index.php')
ERROR - 2026-07-01 17:23:02 --> Unknown column 'updated_at' in 'field list'
in SYSTEMPATH\Database\MySQLi\Connection.php on line 300.
 1 SYSTEMPATH\Database\MySQLi\Connection.php(300): mysqli->query('INSERT INTO `orders` (`user_id`, `order_number`, `product_name`, `product_image`, `weight`, `quantity`, `subtotal`, `payment_method`, `order_status`, `created_at`, `updated_at`) VALUES (\'3\', \'ORD20260701172302\', \'California Almond\', \'1781326894_667a0b08510655f75387.jpg\', \'250 Gram\', \'1\', \'95\', \'Credit Card / Debit Card / NetBanking\', \'Paid\', \'2026-07-01 17:23:02\', \'2026-07-01 17:23:02\')', 0)
 2 SYSTEMPATH\Database\BaseConnection.php(910): CodeIgniter\Database\MySQLi\Connection->execute('INSERT INTO `orders` (`user_id`, `order_number`, `product_name`, `product_image`, `weight`, `quantity`, `subtotal`, `payment_method`, `order_status`, `created_at`, `updated_at`) VALUES (\'3\', \'ORD20260701172302\', \'California Almond\', \'1781326894_667a0b08510655f75387.jpg\', \'250 Gram\', \'1\', \'95\', \'Credit Card / Debit Card / NetBanking\', \'Paid\', \'2026-07-01 17:23:02\', \'2026-07-01 17:23:02\')')
 3 SYSTEMPATH\Database\BaseConnection.php(827): CodeIgniter\Database\BaseConnection->simpleQuery('INSERT INTO `orders` (`user_id`, `order_number`, `product_name`, `product_image`, `weight`, `quantity`, `subtotal`, `payment_method`, `order_status`, `created_at`, `updated_at`) VALUES (\'3\', \'ORD20260701172302\', \'California Almond\', \'1781326894_667a0b08510655f75387.jpg\', \'250 Gram\', \'1\', \'95\', \'Credit Card / Debit Card / NetBanking\', \'Paid\', \'2026-07-01 17:23:02\', \'2026-07-01 17:23:02\')')
 4 SYSTEMPATH\Database\BaseBuilder.php(2345): CodeIgniter\Database\BaseConnection->query('INSERT INTO `orders` (`user_id`, `order_number`, `product_name`, `product_image`, `weight`, `quantity`, `subtotal`, `payment_method`, `order_status`, `created_at`, `updated_at`) VALUES (:user_id:, :order_number:, :product_name:, :product_image:, :weight:, :quantity:, :subtotal:, :payment_method:, :order_status:, :created_at:, :updated_at:)', [...], false)
 5 SYSTEMPATH\Model.php(355): CodeIgniter\Database\BaseBuilder->insert()
 6 SYSTEMPATH\BaseModel.php(899): CodeIgniter\Model->doInsert([...])
 7 SYSTEMPATH\Model.php(668): CodeIgniter\BaseModel->insert([...], true)
 8 APPPATH\Controllers\PaymentController.php(52): CodeIgniter\Model->insert([...])
 9 SYSTEMPATH\CodeIgniter.php(951): App\Controllers\PaymentController->payNow()
10 SYSTEMPATH\CodeIgniter.php(497): CodeIgniter\CodeIgniter->runController(Object(App\Controllers\PaymentController))
11 SYSTEMPATH\CodeIgniter.php(340): CodeIgniter\CodeIgniter->handleRequest(null, Object(Config\Cache), false)
12 SYSTEMPATH\Boot.php(417): CodeIgniter\CodeIgniter->run()
13 SYSTEMPATH\Boot.php(68): CodeIgniter\Boot::runCodeIgniter(Object(CodeIgniter\CodeIgniter))
14 FCPATH\index.php(59): CodeIgniter\Boot::bootWeb(Object(Config\Paths))
15 SYSTEMPATH\rewrite.php(44): require_once('D:\\customize_gifts\\public\\index.php')
CRITICAL - 2026-07-01 17:23:02 --> CodeIgniter\Database\Exceptions\DatabaseException: Unknown column 'updated_at' in 'field list'
[Method: GET, Route: pay-now]
in SYSTEMPATH\Database\BaseConnection.php on line 865.
 1 SYSTEMPATH\Database\BaseBuilder.php(2345): CodeIgniter\Database\BaseConnection->query('INSERT INTO `orders` (`user_id`, `order_number`, `product_name`, `product_image`, `weight`, `quantity`, `subtotal`, `payment_method`, `order_status`, `created_at`, `updated_at`) VALUES (:user_id:, :order_number:, :product_name:, :product_image:, :weight:, :quantity:, :subtotal:, :payment_method:, :order_status:, :created_at:, :updated_at:)', [...], false)
 2 SYSTEMPATH\Model.php(355): CodeIgniter\Database\BaseBuilder->insert()
 3 SYSTEMPATH\BaseModel.php(899): CodeIgniter\Model->doInsert([...])
 4 SYSTEMPATH\Model.php(668): CodeIgniter\BaseModel->insert([...], true)
 5 APPPATH\Controllers\PaymentController.php(52): CodeIgniter\Model->insert([...])
 6 SYSTEMPATH\CodeIgniter.php(951): App\Controllers\PaymentController->payNow()
 7 SYSTEMPATH\CodeIgniter.php(497): CodeIgniter\CodeIgniter->runController(Object(App\Controllers\PaymentController))
 8 SYSTEMPATH\CodeIgniter.php(340): CodeIgniter\CodeIgniter->handleRequest(null, Object(Config\Cache), false)
 9 SYSTEMPATH\Boot.php(417): CodeIgniter\CodeIgniter->run()
10 SYSTEMPATH\Boot.php(68): CodeIgniter\Boot::runCodeIgniter(Object(CodeIgniter\CodeIgniter))
11 FCPATH\index.php(59): CodeIgniter\Boot::bootWeb(Object(Config\Paths))
12 SYSTEMPATH\rewrite.php(44): require_once('D:\\customize_gifts\\public\\index.php')
CRITICAL - 2026-07-01 17:23:02 --> [Caused by] CodeIgniter\Database\Exceptions\DatabaseException: Unknown column 'updated_at' in 'field list'
in SYSTEMPATH\Database\MySQLi\Connection.php on line 310.
 1 SYSTEMPATH\Database\BaseConnection.php(910): CodeIgniter\Database\MySQLi\Connection->execute('INSERT INTO `orders` (`user_id`, `order_number`, `product_name`, `product_image`, `weight`, `quantity`, `subtotal`, `payment_method`, `order_status`, `created_at`, `updated_at`) VALUES (\'3\', \'ORD20260701172302\', \'California Almond\', \'1781326894_667a0b08510655f75387.jpg\', \'250 Gram\', \'1\', \'95\', \'Credit Card / Debit Card / NetBanking\', \'Paid\', \'2026-07-01 17:23:02\', \'2026-07-01 17:23:02\')')
 2 SYSTEMPATH\Database\BaseConnection.php(827): CodeIgniter\Database\BaseConnection->simpleQuery('INSERT INTO `orders` (`user_id`, `order_number`, `product_name`, `product_image`, `weight`, `quantity`, `subtotal`, `payment_method`, `order_status`, `created_at`, `updated_at`) VALUES (\'3\', \'ORD20260701172302\', \'California Almond\', \'1781326894_667a0b08510655f75387.jpg\', \'250 Gram\', \'1\', \'95\', \'Credit Card / Debit Card / NetBanking\', \'Paid\', \'2026-07-01 17:23:02\', \'2026-07-01 17:23:02\')')
 3 SYSTEMPATH\Database\BaseBuilder.php(2345): CodeIgniter\Database\BaseConnection->query('INSERT INTO `orders` (`user_id`, `order_number`, `product_name`, `product_image`, `weight`, `quantity`, `subtotal`, `payment_method`, `order_status`, `created_at`, `updated_at`) VALUES (:user_id:, :order_number:, :product_name:, :product_image:, :weight:, :quantity:, :subtotal:, :payment_method:, :order_status:, :created_at:, :updated_at:)', [...], false)
 4 SYSTEMPATH\Model.php(355): CodeIgniter\Database\BaseBuilder->insert()
 5 SYSTEMPATH\BaseModel.php(899): CodeIgniter\Model->doInsert([...])
 6 SYSTEMPATH\Model.php(668): CodeIgniter\BaseModel->insert([...], true)
 7 APPPATH\Controllers\PaymentController.php(52): CodeIgniter\Model->insert([...])
 8 SYSTEMPATH\CodeIgniter.php(951): App\Controllers\PaymentController->payNow()
 9 SYSTEMPATH\CodeIgniter.php(497): CodeIgniter\CodeIgniter->runController(Object(App\Controllers\PaymentController))
10 SYSTEMPATH\CodeIgniter.php(340): CodeIgniter\CodeIgniter->handleRequest(null, Object(Config\Cache), false)
11 SYSTEMPATH\Boot.php(417): CodeIgniter\CodeIgniter->run()
12 SYSTEMPATH\Boot.php(68): CodeIgniter\Boot::runCodeIgniter(Object(CodeIgniter\CodeIgniter))
13 FCPATH\index.php(59): CodeIgniter\Boot::bootWeb(Object(Config\Paths))
14 SYSTEMPATH\rewrite.php(44): require_once('D:\\customize_gifts\\public\\index.php')
CRITICAL - 2026-07-01 17:23:02 --> [Caused by] mysqli_sql_exception: Unknown column 'updated_at' in 'field list'
in SYSTEMPATH\Database\MySQLi\Connection.php on line 300.
 1 SYSTEMPATH\Database\MySQLi\Connection.php(300): mysqli->query('INSERT INTO `orders` (`user_id`, `order_number`, `product_name`, `product_image`, `weight`, `quantity`, `subtotal`, `payment_method`, `order_status`, `created_at`, `updated_at`) VALUES (\'3\', \'ORD20260701172302\', \'California Almond\', \'1781326894_667a0b08510655f75387.jpg\', \'250 Gram\', \'1\', \'95\', \'Credit Card / Debit Card / NetBanking\', \'Paid\', \'2026-07-01 17:23:02\', \'2026-07-01 17:23:02\')', 0)
 2 SYSTEMPATH\Database\BaseConnection.php(910): CodeIgniter\Database\MySQLi\Connection->execute('INSERT INTO `orders` (`user_id`, `order_number`, `product_name`, `product_image`, `weight`, `quantity`, `subtotal`, `payment_method`, `order_status`, `created_at`, `updated_at`) VALUES (\'3\', \'ORD20260701172302\', \'California Almond\', \'1781326894_667a0b08510655f75387.jpg\', \'250 Gram\', \'1\', \'95\', \'Credit Card / Debit Card / NetBanking\', \'Paid\', \'2026-07-01 17:23:02\', \'2026-07-01 17:23:02\')')
 3 SYSTEMPATH\Database\BaseConnection.php(827): CodeIgniter\Database\BaseConnection->simpleQuery('INSERT INTO `orders` (`user_id`, `order_number`, `product_name`, `product_image`, `weight`, `quantity`, `subtotal`, `payment_method`, `order_status`, `created_at`, `updated_at`) VALUES (\'3\', \'ORD20260701172302\', \'California Almond\', \'1781326894_667a0b08510655f75387.jpg\', \'250 Gram\', \'1\', \'95\', \'Credit Card / Debit Card / NetBanking\', \'Paid\', \'2026-07-01 17:23:02\', \'2026-07-01 17:23:02\')')
 4 SYSTEMPATH\Database\BaseBuilder.php(2345): CodeIgniter\Database\BaseConnection->query('INSERT INTO `orders` (`user_id`, `order_number`, `product_name`, `product_image`, `weight`, `quantity`, `subtotal`, `payment_method`, `order_status`, `created_at`, `updated_at`) VALUES (:user_id:, :order_number:, :product_name:, :product_image:, :weight:, :quantity:, :subtotal:, :payment_method:, :order_status:, :created_at:, :updated_at:)', [...], false)
 5 SYSTEMPATH\Model.php(355): CodeIgniter\Database\BaseBuilder->insert()
 6 SYSTEMPATH\BaseModel.php(899): CodeIgniter\Model->doInsert([...])
 7 SYSTEMPATH\Model.php(668): CodeIgniter\BaseModel->insert([...], true)
 8 APPPATH\Controllers\PaymentController.php(52): CodeIgniter\Model->insert([...])
 9 SYSTEMPATH\CodeIgniter.php(951): App\Controllers\PaymentController->payNow()
10 SYSTEMPATH\CodeIgniter.php(497): CodeIgniter\CodeIgniter->runController(Object(App\Controllers\PaymentController))
11 SYSTEMPATH\CodeIgniter.php(340): CodeIgniter\CodeIgniter->handleRequest(null, Object(Config\Cache), false)
12 SYSTEMPATH\Boot.php(417): CodeIgniter\CodeIgniter->run()
13 SYSTEMPATH\Boot.php(68): CodeIgniter\Boot::runCodeIgniter(Object(CodeIgniter\CodeIgniter))
14 FCPATH\index.php(59): CodeIgniter\Boot::bootWeb(Object(Config\Paths))
15 SYSTEMPATH\rewrite.php(44): require_once('D:\\customize_gifts\\public\\index.php')
CRITICAL - 2026-07-01 17:23:58 --> ErrorException: Undefined variable $orderModel
[Method: GET, Route: pay-now]
in APPPATH\Controllers\PaymentController.php on line 51.
 1 APPPATH\Controllers\PaymentController.php(51): CodeIgniter\Debug\Exceptions->errorHandler(2, 'Undefined variable $orderModel', 'D:\\customize_gifts\\app\\Controllers\\PaymentController.php', 51)
 2 SYSTEMPATH\CodeIgniter.php(951): App\Controllers\PaymentController->payNow()
 3 SYSTEMPATH\CodeIgniter.php(497): CodeIgniter\CodeIgniter->runController(Object(App\Controllers\PaymentController))
 4 SYSTEMPATH\CodeIgniter.php(340): CodeIgniter\CodeIgniter->handleRequest(null, Object(Config\Cache), false)
 5 SYSTEMPATH\Boot.php(417): CodeIgniter\CodeIgniter->run()
 6 SYSTEMPATH\Boot.php(68): CodeIgniter\Boot::runCodeIgniter(Object(CodeIgniter\CodeIgniter))
 7 FCPATH\index.php(59): CodeIgniter\Boot::bootWeb(Object(Config\Paths))
 8 SYSTEMPATH\rewrite.php(44): require_once('D:\\customize_gifts\\public\\index.php')
CRITICAL - 2026-07-01 17:28:06 --> ErrorException: Undefined array key "total"
[Method: GET, Route: pay-now]
in APPPATH\Controllers\PaymentController.php on line 46.
 1 APPPATH\Controllers\PaymentController.php(46): CodeIgniter\Debug\Exceptions->errorHandler(2, 'Undefined array key "total"', 'D:\\customize_gifts\\app\\Controllers\\PaymentController.php', 46)
 2 SYSTEMPATH\CodeIgniter.php(951): App\Controllers\PaymentController->payNow()
 3 SYSTEMPATH\CodeIgniter.php(497): CodeIgniter\CodeIgniter->runController(Object(App\Controllers\PaymentController))
 4 SYSTEMPATH\CodeIgniter.php(340): CodeIgniter\CodeIgniter->handleRequest(null, Object(Config\Cache), false)
 5 SYSTEMPATH\Boot.php(417): CodeIgniter\CodeIgniter->run()
 6 SYSTEMPATH\Boot.php(68): CodeIgniter\Boot::runCodeIgniter(Object(CodeIgniter\CodeIgniter))
 7 FCPATH\index.php(59): CodeIgniter\Boot::bootWeb(Object(Config\Paths))
 8 SYSTEMPATH\rewrite.php(44): require_once('D:\\customize_gifts\\public\\index.php')
CRITICAL - 2026-07-01 17:29:35 --> ErrorException: Undefined variable $total
[Method: GET, Route: pay-now]
in APPPATH\Controllers\PaymentController.php on line 39.
 1 APPPATH\Controllers\PaymentController.php(39): CodeIgniter\Debug\Exceptions->errorHandler(2, 'Undefined variable $total', 'D:\\customize_gifts\\app\\Controllers\\PaymentController.php', 39)
 2 SYSTEMPATH\CodeIgniter.php(951): App\Controllers\PaymentController->payNow()
 3 SYSTEMPATH\CodeIgniter.php(497): CodeIgniter\CodeIgniter->runController(Object(App\Controllers\PaymentController))
 4 SYSTEMPATH\CodeIgniter.php(340): CodeIgniter\CodeIgniter->handleRequest(null, Object(Config\Cache), false)
 5 SYSTEMPATH\Boot.php(417): CodeIgniter\CodeIgniter->run()
 6 SYSTEMPATH\Boot.php(68): CodeIgniter\Boot::runCodeIgniter(Object(CodeIgniter\CodeIgniter))
 7 FCPATH\index.php(59): CodeIgniter\Boot::bootWeb(Object(Config\Paths))
 8 SYSTEMPATH\rewrite.php(44): require_once('D:\\customize_gifts\\public\\index.php')
CRITICAL - 2026-07-01 17:33:54 --> ErrorException: Undefined array key "final_price + 60"
[Method: GET, Route: pay-now]
in APPPATH\Controllers\PaymentController.php on line 46.
 1 APPPATH\Controllers\PaymentController.php(46): CodeIgniter\Debug\Exceptions->errorHandler(2, 'Undefined array key "final_price + 60"', 'D:\\customize_gifts\\app\\Controllers\\PaymentController.php', 46)
 2 SYSTEMPATH\CodeIgniter.php(951): App\Controllers\PaymentController->payNow()
 3 SYSTEMPATH\CodeIgniter.php(497): CodeIgniter\CodeIgniter->runController(Object(App\Controllers\PaymentController))
 4 SYSTEMPATH\CodeIgniter.php(340): CodeIgniter\CodeIgniter->handleRequest(null, Object(Config\Cache), false)
 5 SYSTEMPATH\Boot.php(417): CodeIgniter\CodeIgniter->run()
 6 SYSTEMPATH\Boot.php(68): CodeIgniter\Boot::runCodeIgniter(Object(CodeIgniter\CodeIgniter))
 7 FCPATH\index.php(59): CodeIgniter\Boot::bootWeb(Object(Config\Paths))
 8 SYSTEMPATH\rewrite.php(44): require_once('D:\\customize_gifts\\public\\index.php')
CRITICAL - 2026-07-01 17:34:01 --> ErrorException: Undefined array key "final_price + 60"
[Method: GET, Route: pay-now]
in APPPATH\Controllers\PaymentController.php on line 46.
 1 APPPATH\Controllers\PaymentController.php(46): CodeIgniter\Debug\Exceptions->errorHandler(2, 'Undefined array key "final_price + 60"', 'D:\\customize_gifts\\app\\Controllers\\PaymentController.php', 46)
 2 SYSTEMPATH\CodeIgniter.php(951): App\Controllers\PaymentController->payNow()
 3 SYSTEMPATH\CodeIgniter.php(497): CodeIgniter\CodeIgniter->runController(Object(App\Controllers\PaymentController))
 4 SYSTEMPATH\CodeIgniter.php(340): CodeIgniter\CodeIgniter->handleRequest(null, Object(Config\Cache), false)
 5 SYSTEMPATH\Boot.php(417): CodeIgniter\CodeIgniter->run()
 6 SYSTEMPATH\Boot.php(68): CodeIgniter\Boot::runCodeIgniter(Object(CodeIgniter\CodeIgniter))
 7 FCPATH\index.php(59): CodeIgniter\Boot::bootWeb(Object(Config\Paths))
 8 SYSTEMPATH\rewrite.php(44): require_once('D:\\customize_gifts\\public\\index.php')
ERROR - 2026-07-01 17:36:34 --> Unknown column 'updated_at' in 'field list'
in SYSTEMPATH\Database\MySQLi\Connection.php on line 300.
 1 SYSTEMPATH\Database\MySQLi\Connection.php(300): mysqli->query('INSERT INTO `orders` (`user_id`, `order_number`, `product_name`, `product_image`, `weight`, `quantity`, `subtotal`, `payment_method`, `order_status`, `created_at`, `updated_at`) VALUES (\'3\', \'ORD20260701173634\', \'California Almond\', \'1781326894_667a0b08510655f75387.jpg\', \'250 Gram\', \'1\', 155, \'Credit Card / Debit Card / NetBanking\', \'Paid\', \'2026-07-01 17:36:34\', \'2026-07-01 17:36:34\')', 0)
 2 SYSTEMPATH\Database\BaseConnection.php(910): CodeIgniter\Database\MySQLi\Connection->execute('INSERT INTO `orders` (`user_id`, `order_number`, `product_name`, `product_image`, `weight`, `quantity`, `subtotal`, `payment_method`, `order_status`, `created_at`, `updated_at`) VALUES (\'3\', \'ORD20260701173634\', \'California Almond\', \'1781326894_667a0b08510655f75387.jpg\', \'250 Gram\', \'1\', 155, \'Credit Card / Debit Card / NetBanking\', \'Paid\', \'2026-07-01 17:36:34\', \'2026-07-01 17:36:34\')')
 3 SYSTEMPATH\Database\BaseConnection.php(827): CodeIgniter\Database\BaseConnection->simpleQuery('INSERT INTO `orders` (`user_id`, `order_number`, `product_name`, `product_image`, `weight`, `quantity`, `subtotal`, `payment_method`, `order_status`, `created_at`, `updated_at`) VALUES (\'3\', \'ORD20260701173634\', \'California Almond\', \'1781326894_667a0b08510655f75387.jpg\', \'250 Gram\', \'1\', 155, \'Credit Card / Debit Card / NetBanking\', \'Paid\', \'2026-07-01 17:36:34\', \'2026-07-01 17:36:34\')')
 4 SYSTEMPATH\Database\BaseBuilder.php(2345): CodeIgniter\Database\BaseConnection->query('INSERT INTO `orders` (`user_id`, `order_number`, `product_name`, `product_image`, `weight`, `quantity`, `subtotal`, `payment_method`, `order_status`, `created_at`, `updated_at`) VALUES (:user_id:, :order_number:, :product_name:, :product_image:, :weight:, :quantity:, :subtotal:, :payment_method:, :order_status:, :created_at:, :updated_at:)', [...], false)
 5 SYSTEMPATH\Model.php(355): CodeIgniter\Database\BaseBuilder->insert()
 6 SYSTEMPATH\BaseModel.php(899): CodeIgniter\Model->doInsert([...])
 7 SYSTEMPATH\Model.php(668): CodeIgniter\BaseModel->insert([...], true)
 8 APPPATH\Controllers\PaymentController.php(68): CodeIgniter\Model->insert([...])
 9 SYSTEMPATH\CodeIgniter.php(951): App\Controllers\PaymentController->payNow()
10 SYSTEMPATH\CodeIgniter.php(497): CodeIgniter\CodeIgniter->runController(Object(App\Controllers\PaymentController))
11 SYSTEMPATH\CodeIgniter.php(340): CodeIgniter\CodeIgniter->handleRequest(null, Object(Config\Cache), false)
12 SYSTEMPATH\Boot.php(417): CodeIgniter\CodeIgniter->run()
13 SYSTEMPATH\Boot.php(68): CodeIgniter\Boot::runCodeIgniter(Object(CodeIgniter\CodeIgniter))
14 FCPATH\index.php(59): CodeIgniter\Boot::bootWeb(Object(Config\Paths))
15 SYSTEMPATH\rewrite.php(44): require_once('D:\\customize_gifts\\public\\index.php')
CRITICAL - 2026-07-01 17:36:34 --> CodeIgniter\Database\Exceptions\DatabaseException: Unknown column 'updated_at' in 'field list'
[Method: GET, Route: pay-now]
in SYSTEMPATH\Database\BaseConnection.php on line 865.
 1 SYSTEMPATH\Database\BaseBuilder.php(2345): CodeIgniter\Database\BaseConnection->query('INSERT INTO `orders` (`user_id`, `order_number`, `product_name`, `product_image`, `weight`, `quantity`, `subtotal`, `payment_method`, `order_status`, `created_at`, `updated_at`) VALUES (:user_id:, :order_number:, :product_name:, :product_image:, :weight:, :quantity:, :subtotal:, :payment_method:, :order_status:, :created_at:, :updated_at:)', [...], false)
 2 SYSTEMPATH\Model.php(355): CodeIgniter\Database\BaseBuilder->insert()
 3 SYSTEMPATH\BaseModel.php(899): CodeIgniter\Model->doInsert([...])
 4 SYSTEMPATH\Model.php(668): CodeIgniter\BaseModel->insert([...], true)
 5 APPPATH\Controllers\PaymentController.php(68): CodeIgniter\Model->insert([...])
 6 SYSTEMPATH\CodeIgniter.php(951): App\Controllers\PaymentController->payNow()
 7 SYSTEMPATH\CodeIgniter.php(497): CodeIgniter\CodeIgniter->runController(Object(App\Controllers\PaymentController))
 8 SYSTEMPATH\CodeIgniter.php(340): CodeIgniter\CodeIgniter->handleRequest(null, Object(Config\Cache), false)
 9 SYSTEMPATH\Boot.php(417): CodeIgniter\CodeIgniter->run()
10 SYSTEMPATH\Boot.php(68): CodeIgniter\Boot::runCodeIgniter(Object(CodeIgniter\CodeIgniter))
11 FCPATH\index.php(59): CodeIgniter\Boot::bootWeb(Object(Config\Paths))
12 SYSTEMPATH\rewrite.php(44): require_once('D:\\customize_gifts\\public\\index.php')
CRITICAL - 2026-07-01 17:36:34 --> [Caused by] CodeIgniter\Database\Exceptions\DatabaseException: Unknown column 'updated_at' in 'field list'
in SYSTEMPATH\Database\MySQLi\Connection.php on line 310.
 1 SYSTEMPATH\Database\BaseConnection.php(910): CodeIgniter\Database\MySQLi\Connection->execute('INSERT INTO `orders` (`user_id`, `order_number`, `product_name`, `product_image`, `weight`, `quantity`, `subtotal`, `payment_method`, `order_status`, `created_at`, `updated_at`) VALUES (\'3\', \'ORD20260701173634\', \'California Almond\', \'1781326894_667a0b08510655f75387.jpg\', \'250 Gram\', \'1\', 155, \'Credit Card / Debit Card / NetBanking\', \'Paid\', \'2026-07-01 17:36:34\', \'2026-07-01 17:36:34\')')
 2 SYSTEMPATH\Database\BaseConnection.php(827): CodeIgniter\Database\BaseConnection->simpleQuery('INSERT INTO `orders` (`user_id`, `order_number`, `product_name`, `product_image`, `weight`, `quantity`, `subtotal`, `payment_method`, `order_status`, `created_at`, `updated_at`) VALUES (\'3\', \'ORD20260701173634\', \'California Almond\', \'1781326894_667a0b08510655f75387.jpg\', \'250 Gram\', \'1\', 155, \'Credit Card / Debit Card / NetBanking\', \'Paid\', \'2026-07-01 17:36:34\', \'2026-07-01 17:36:34\')')
 3 SYSTEMPATH\Database\BaseBuilder.php(2345): CodeIgniter\Database\BaseConnection->query('INSERT INTO `orders` (`user_id`, `order_number`, `product_name`, `product_image`, `weight`, `quantity`, `subtotal`, `payment_method`, `order_status`, `created_at`, `updated_at`) VALUES (:user_id:, :order_number:, :product_name:, :product_image:, :weight:, :quantity:, :subtotal:, :payment_method:, :order_status:, :created_at:, :updated_at:)', [...], false)
 4 SYSTEMPATH\Model.php(355): CodeIgniter\Database\BaseBuilder->insert()
 5 SYSTEMPATH\BaseModel.php(899): CodeIgniter\Model->doInsert([...])
 6 SYSTEMPATH\Model.php(668): CodeIgniter\BaseModel->insert([...], true)
 7 APPPATH\Controllers\PaymentController.php(68): CodeIgniter\Model->insert([...])
 8 SYSTEMPATH\CodeIgniter.php(951): App\Controllers\PaymentController->payNow()
 9 SYSTEMPATH\CodeIgniter.php(497): CodeIgniter\CodeIgniter->runController(Object(App\Controllers\PaymentController))
10 SYSTEMPATH\CodeIgniter.php(340): CodeIgniter\CodeIgniter->handleRequest(null, Object(Config\Cache), false)
11 SYSTEMPATH\Boot.php(417): CodeIgniter\CodeIgniter->run()
12 SYSTEMPATH\Boot.php(68): CodeIgniter\Boot::runCodeIgniter(Object(CodeIgniter\CodeIgniter))
13 FCPATH\index.php(59): CodeIgniter\Boot::bootWeb(Object(Config\Paths))
14 SYSTEMPATH\rewrite.php(44): require_once('D:\\customize_gifts\\public\\index.php')
CRITICAL - 2026-07-01 17:36:34 --> [Caused by] mysqli_sql_exception: Unknown column 'updated_at' in 'field list'
in SYSTEMPATH\Database\MySQLi\Connection.php on line 300.
 1 SYSTEMPATH\Database\MySQLi\Connection.php(300): mysqli->query('INSERT INTO `orders` (`user_id`, `order_number`, `product_name`, `product_image`, `weight`, `quantity`, `subtotal`, `payment_method`, `order_status`, `created_at`, `updated_at`) VALUES (\'3\', \'ORD20260701173634\', \'California Almond\', \'1781326894_667a0b08510655f75387.jpg\', \'250 Gram\', \'1\', 155, \'Credit Card / Debit Card / NetBanking\', \'Paid\', \'2026-07-01 17:36:34\', \'2026-07-01 17:36:34\')', 0)
 2 SYSTEMPATH\Database\BaseConnection.php(910): CodeIgniter\Database\MySQLi\Connection->execute('INSERT INTO `orders` (`user_id`, `order_number`, `product_name`, `product_image`, `weight`, `quantity`, `subtotal`, `payment_method`, `order_status`, `created_at`, `updated_at`) VALUES (\'3\', \'ORD20260701173634\', \'California Almond\', \'1781326894_667a0b08510655f75387.jpg\', \'250 Gram\', \'1\', 155, \'Credit Card / Debit Card / NetBanking\', \'Paid\', \'2026-07-01 17:36:34\', \'2026-07-01 17:36:34\')')
 3 SYSTEMPATH\Database\BaseConnection.php(827): CodeIgniter\Database\BaseConnection->simpleQuery('INSERT INTO `orders` (`user_id`, `order_number`, `product_name`, `product_image`, `weight`, `quantity`, `subtotal`, `payment_method`, `order_status`, `created_at`, `updated_at`) VALUES (\'3\', \'ORD20260701173634\', \'California Almond\', \'1781326894_667a0b08510655f75387.jpg\', \'250 Gram\', \'1\', 155, \'Credit Card / Debit Card / NetBanking\', \'Paid\', \'2026-07-01 17:36:34\', \'2026-07-01 17:36:34\')')
 4 SYSTEMPATH\Database\BaseBuilder.php(2345): CodeIgniter\Database\BaseConnection->query('INSERT INTO `orders` (`user_id`, `order_number`, `product_name`, `product_image`, `weight`, `quantity`, `subtotal`, `payment_method`, `order_status`, `created_at`, `updated_at`) VALUES (:user_id:, :order_number:, :product_name:, :product_image:, :weight:, :quantity:, :subtotal:, :payment_method:, :order_status:, :created_at:, :updated_at:)', [...], false)
 5 SYSTEMPATH\Model.php(355): CodeIgniter\Database\BaseBuilder->insert()
 6 SYSTEMPATH\BaseModel.php(899): CodeIgniter\Model->doInsert([...])
 7 SYSTEMPATH\Model.php(668): CodeIgniter\BaseModel->insert([...], true)
 8 APPPATH\Controllers\PaymentController.php(68): CodeIgniter\Model->insert([...])
 9 SYSTEMPATH\CodeIgniter.php(951): App\Controllers\PaymentController->payNow()
10 SYSTEMPATH\CodeIgniter.php(497): CodeIgniter\CodeIgniter->runController(Object(App\Controllers\PaymentController))
11 SYSTEMPATH\CodeIgniter.php(340): CodeIgniter\CodeIgniter->handleRequest(null, Object(Config\Cache), false)
12 SYSTEMPATH\Boot.php(417): CodeIgniter\CodeIgniter->run()
13 SYSTEMPATH\Boot.php(68): CodeIgniter\Boot::runCodeIgniter(Object(CodeIgniter\CodeIgniter))
14 FCPATH\index.php(59): CodeIgniter\Boot::bootWeb(Object(Config\Paths))
15 SYSTEMPATH\rewrite.php(44): require_once('D:\\customize_gifts\\public\\index.php')
ERROR - 2026-07-01 17:40:31 --> Unknown column 'updated_at' in 'field list'
in SYSTEMPATH\Database\MySQLi\Connection.php on line 300.
 1 SYSTEMPATH\Database\MySQLi\Connection.php(300): mysqli->query('INSERT INTO `orders` (`user_id`, `order_number`, `product_name`, `product_image`, `weight`, `quantity`, `subtotal`, `payment_method`, `order_status`, `created_at`, `updated_at`) VALUES (\'3\', \'ORD20260701174031\', \'California Almond\', \'1781326894_667a0b08510655f75387.jpg\', \'250 Gram\', \'1\', 155, \'Credit Card / Debit Card / NetBanking\', \'Paid\', \'2026-07-01 17:40:31\', \'2026-07-01 17:40:31\')', 0)
 2 SYSTEMPATH\Database\BaseConnection.php(910): CodeIgniter\Database\MySQLi\Connection->execute('INSERT INTO `orders` (`user_id`, `order_number`, `product_name`, `product_image`, `weight`, `quantity`, `subtotal`, `payment_method`, `order_status`, `created_at`, `updated_at`) VALUES (\'3\', \'ORD20260701174031\', \'California Almond\', \'1781326894_667a0b08510655f75387.jpg\', \'250 Gram\', \'1\', 155, \'Credit Card / Debit Card / NetBanking\', \'Paid\', \'2026-07-01 17:40:31\', \'2026-07-01 17:40:31\')')
 3 SYSTEMPATH\Database\BaseConnection.php(827): CodeIgniter\Database\BaseConnection->simpleQuery('INSERT INTO `orders` (`user_id`, `order_number`, `product_name`, `product_image`, `weight`, `quantity`, `subtotal`, `payment_method`, `order_status`, `created_at`, `updated_at`) VALUES (\'3\', \'ORD20260701174031\', \'California Almond\', \'1781326894_667a0b08510655f75387.jpg\', \'250 Gram\', \'1\', 155, \'Credit Card / Debit Card / NetBanking\', \'Paid\', \'2026-07-01 17:40:31\', \'2026-07-01 17:40:31\')')
 4 SYSTEMPATH\Database\BaseBuilder.php(2345): CodeIgniter\Database\BaseConnection->query('INSERT INTO `orders` (`user_id`, `order_number`, `product_name`, `product_image`, `weight`, `quantity`, `subtotal`, `payment_method`, `order_status`, `created_at`, `updated_at`) VALUES (:user_id:, :order_number:, :product_name:, :product_image:, :weight:, :quantity:, :subtotal:, :payment_method:, :order_status:, :created_at:, :updated_at:)', [...], false)
 5 SYSTEMPATH\Model.php(355): CodeIgniter\Database\BaseBuilder->insert()
 6 SYSTEMPATH\BaseModel.php(899): CodeIgniter\Model->doInsert([...])
 7 SYSTEMPATH\Model.php(668): CodeIgniter\BaseModel->insert([...], true)
 8 APPPATH\Controllers\PaymentController.php(58): CodeIgniter\Model->insert([...])
 9 SYSTEMPATH\CodeIgniter.php(951): App\Controllers\PaymentController->payNow()
10 SYSTEMPATH\CodeIgniter.php(497): CodeIgniter\CodeIgniter->runController(Object(App\Controllers\PaymentController))
11 SYSTEMPATH\CodeIgniter.php(340): CodeIgniter\CodeIgniter->handleRequest(null, Object(Config\Cache), false)
12 SYSTEMPATH\Boot.php(417): CodeIgniter\CodeIgniter->run()
13 SYSTEMPATH\Boot.php(68): CodeIgniter\Boot::runCodeIgniter(Object(CodeIgniter\CodeIgniter))
14 FCPATH\index.php(59): CodeIgniter\Boot::bootWeb(Object(Config\Paths))
15 SYSTEMPATH\rewrite.php(44): require_once('D:\\customize_gifts\\public\\index.php')
CRITICAL - 2026-07-01 17:40:31 --> CodeIgniter\Database\Exceptions\DatabaseException: Unknown column 'updated_at' in 'field list'
[Method: GET, Route: pay-now]
in SYSTEMPATH\Database\BaseConnection.php on line 865.
 1 SYSTEMPATH\Database\BaseBuilder.php(2345): CodeIgniter\Database\BaseConnection->query('INSERT INTO `orders` (`user_id`, `order_number`, `product_name`, `product_image`, `weight`, `quantity`, `subtotal`, `payment_method`, `order_status`, `created_at`, `updated_at`) VALUES (:user_id:, :order_number:, :product_name:, :product_image:, :weight:, :quantity:, :subtotal:, :payment_method:, :order_status:, :created_at:, :updated_at:)', [...], false)
 2 SYSTEMPATH\Model.php(355): CodeIgniter\Database\BaseBuilder->insert()
 3 SYSTEMPATH\BaseModel.php(899): CodeIgniter\Model->doInsert([...])
 4 SYSTEMPATH\Model.php(668): CodeIgniter\BaseModel->insert([...], true)
 5 APPPATH\Controllers\PaymentController.php(58): CodeIgniter\Model->insert([...])
 6 SYSTEMPATH\CodeIgniter.php(951): App\Controllers\PaymentController->payNow()
 7 SYSTEMPATH\CodeIgniter.php(497): CodeIgniter\CodeIgniter->runController(Object(App\Controllers\PaymentController))
 8 SYSTEMPATH\CodeIgniter.php(340): CodeIgniter\CodeIgniter->handleRequest(null, Object(Config\Cache), false)
 9 SYSTEMPATH\Boot.php(417): CodeIgniter\CodeIgniter->run()
10 SYSTEMPATH\Boot.php(68): CodeIgniter\Boot::runCodeIgniter(Object(CodeIgniter\CodeIgniter))
11 FCPATH\index.php(59): CodeIgniter\Boot::bootWeb(Object(Config\Paths))
12 SYSTEMPATH\rewrite.php(44): require_once('D:\\customize_gifts\\public\\index.php')
CRITICAL - 2026-07-01 17:40:31 --> [Caused by] CodeIgniter\Database\Exceptions\DatabaseException: Unknown column 'updated_at' in 'field list'
in SYSTEMPATH\Database\MySQLi\Connection.php on line 310.
 1 SYSTEMPATH\Database\BaseConnection.php(910): CodeIgniter\Database\MySQLi\Connection->execute('INSERT INTO `orders` (`user_id`, `order_number`, `product_name`, `product_image`, `weight`, `quantity`, `subtotal`, `payment_method`, `order_status`, `created_at`, `updated_at`) VALUES (\'3\', \'ORD20260701174031\', \'California Almond\', \'1781326894_667a0b08510655f75387.jpg\', \'250 Gram\', \'1\', 155, \'Credit Card / Debit Card / NetBanking\', \'Paid\', \'2026-07-01 17:40:31\', \'2026-07-01 17:40:31\')')
 2 SYSTEMPATH\Database\BaseConnection.php(827): CodeIgniter\Database\BaseConnection->simpleQuery('INSERT INTO `orders` (`user_id`, `order_number`, `product_name`, `product_image`, `weight`, `quantity`, `subtotal`, `payment_method`, `order_status`, `created_at`, `updated_at`) VALUES (\'3\', \'ORD20260701174031\', \'California Almond\', \'1781326894_667a0b08510655f75387.jpg\', \'250 Gram\', \'1\', 155, \'Credit Card / Debit Card / NetBanking\', \'Paid\', \'2026-07-01 17:40:31\', \'2026-07-01 17:40:31\')')
 3 SYSTEMPATH\Database\BaseBuilder.php(2345): CodeIgniter\Database\BaseConnection->query('INSERT INTO `orders` (`user_id`, `order_number`, `product_name`, `product_image`, `weight`, `quantity`, `subtotal`, `payment_method`, `order_status`, `created_at`, `updated_at`) VALUES (:user_id:, :order_number:, :product_name:, :product_image:, :weight:, :quantity:, :subtotal:, :payment_method:, :order_status:, :created_at:, :updated_at:)', [...], false)
 4 SYSTEMPATH\Model.php(355): CodeIgniter\Database\BaseBuilder->insert()
 5 SYSTEMPATH\BaseModel.php(899): CodeIgniter\Model->doInsert([...])
 6 SYSTEMPATH\Model.php(668): CodeIgniter\BaseModel->insert([...], true)
 7 APPPATH\Controllers\PaymentController.php(58): CodeIgniter\Model->insert([...])
 8 SYSTEMPATH\CodeIgniter.php(951): App\Controllers\PaymentController->payNow()
 9 SYSTEMPATH\CodeIgniter.php(497): CodeIgniter\CodeIgniter->runController(Object(App\Controllers\PaymentController))
10 SYSTEMPATH\CodeIgniter.php(340): CodeIgniter\CodeIgniter->handleRequest(null, Object(Config\Cache), false)
11 SYSTEMPATH\Boot.php(417): CodeIgniter\CodeIgniter->run()
12 SYSTEMPATH\Boot.php(68): CodeIgniter\Boot::runCodeIgniter(Object(CodeIgniter\CodeIgniter))
13 FCPATH\index.php(59): CodeIgniter\Boot::bootWeb(Object(Config\Paths))
14 SYSTEMPATH\rewrite.php(44): require_once('D:\\customize_gifts\\public\\index.php')
CRITICAL - 2026-07-01 17:40:31 --> [Caused by] mysqli_sql_exception: Unknown column 'updated_at' in 'field list'
in SYSTEMPATH\Database\MySQLi\Connection.php on line 300.
 1 SYSTEMPATH\Database\MySQLi\Connection.php(300): mysqli->query('INSERT INTO `orders` (`user_id`, `order_number`, `product_name`, `product_image`, `weight`, `quantity`, `subtotal`, `payment_method`, `order_status`, `created_at`, `updated_at`) VALUES (\'3\', \'ORD20260701174031\', \'California Almond\', \'1781326894_667a0b08510655f75387.jpg\', \'250 Gram\', \'1\', 155, \'Credit Card / Debit Card / NetBanking\', \'Paid\', \'2026-07-01 17:40:31\', \'2026-07-01 17:40:31\')', 0)
 2 SYSTEMPATH\Database\BaseConnection.php(910): CodeIgniter\Database\MySQLi\Connection->execute('INSERT INTO `orders` (`user_id`, `order_number`, `product_name`, `product_image`, `weight`, `quantity`, `subtotal`, `payment_method`, `order_status`, `created_at`, `updated_at`) VALUES (\'3\', \'ORD20260701174031\', \'California Almond\', \'1781326894_667a0b08510655f75387.jpg\', \'250 Gram\', \'1\', 155, \'Credit Card / Debit Card / NetBanking\', \'Paid\', \'2026-07-01 17:40:31\', \'2026-07-01 17:40:31\')')
 3 SYSTEMPATH\Database\BaseConnection.php(827): CodeIgniter\Database\BaseConnection->simpleQuery('INSERT INTO `orders` (`user_id`, `order_number`, `product_name`, `product_image`, `weight`, `quantity`, `subtotal`, `payment_method`, `order_status`, `created_at`, `updated_at`) VALUES (\'3\', \'ORD20260701174031\', \'California Almond\', \'1781326894_667a0b08510655f75387.jpg\', \'250 Gram\', \'1\', 155, \'Credit Card / Debit Card / NetBanking\', \'Paid\', \'2026-07-01 17:40:31\', \'2026-07-01 17:40:31\')')
 4 SYSTEMPATH\Database\BaseBuilder.php(2345): CodeIgniter\Database\BaseConnection->query('INSERT INTO `orders` (`user_id`, `order_number`, `product_name`, `product_image`, `weight`, `quantity`, `subtotal`, `payment_method`, `order_status`, `created_at`, `updated_at`) VALUES (:user_id:, :order_number:, :product_name:, :product_image:, :weight:, :quantity:, :subtotal:, :payment_method:, :order_status:, :created_at:, :updated_at:)', [...], false)
 5 SYSTEMPATH\Model.php(355): CodeIgniter\Database\BaseBuilder->insert()
 6 SYSTEMPATH\BaseModel.php(899): CodeIgniter\Model->doInsert([...])
 7 SYSTEMPATH\Model.php(668): CodeIgniter\BaseModel->insert([...], true)
 8 APPPATH\Controllers\PaymentController.php(58): CodeIgniter\Model->insert([...])
 9 SYSTEMPATH\CodeIgniter.php(951): App\Controllers\PaymentController->payNow()
10 SYSTEMPATH\CodeIgniter.php(497): CodeIgniter\CodeIgniter->runController(Object(App\Controllers\PaymentController))
11 SYSTEMPATH\CodeIgniter.php(340): CodeIgniter\CodeIgniter->handleRequest(null, Object(Config\Cache), false)
12 SYSTEMPATH\Boot.php(417): CodeIgniter\CodeIgniter->run()
13 SYSTEMPATH\Boot.php(68): CodeIgniter\Boot::runCodeIgniter(Object(CodeIgniter\CodeIgniter))
14 FCPATH\index.php(59): CodeIgniter\Boot::bootWeb(Object(Config\Paths))
15 SYSTEMPATH\rewrite.php(44): require_once('D:\\customize_gifts\\public\\index.php')
ERROR - 2026-07-01 17:43:04 --> Unknown column 'updated_at' in 'field list'
in SYSTEMPATH\Database\MySQLi\Connection.php on line 300.
 1 SYSTEMPATH\Database\MySQLi\Connection.php(300): mysqli->query('INSERT INTO `orders` (`user_id`, `order_number`, `product_name`, `product_image`, `weight`, `quantity`, `subtotal`, `payment_method`, `order_status`, `created_at`, `updated_at`) VALUES (\'3\', \'ORD20260701174304\', \'California Almond\', \'1781326894_667a0b08510655f75387.jpg\', \'250 Gram\', \'1\', 155, \'Credit Card / Debit Card / NetBanking\', \'Paid\', \'2026-07-01 17:43:04\', \'2026-07-01 17:43:04\')', 0)
 2 SYSTEMPATH\Database\BaseConnection.php(910): CodeIgniter\Database\MySQLi\Connection->execute('INSERT INTO `orders` (`user_id`, `order_number`, `product_name`, `product_image`, `weight`, `quantity`, `subtotal`, `payment_method`, `order_status`, `created_at`, `updated_at`) VALUES (\'3\', \'ORD20260701174304\', \'California Almond\', \'1781326894_667a0b08510655f75387.jpg\', \'250 Gram\', \'1\', 155, \'Credit Card / Debit Card / NetBanking\', \'Paid\', \'2026-07-01 17:43:04\', \'2026-07-01 17:43:04\')')
 3 SYSTEMPATH\Database\BaseConnection.php(827): CodeIgniter\Database\BaseConnection->simpleQuery('INSERT INTO `orders` (`user_id`, `order_number`, `product_name`, `product_image`, `weight`, `quantity`, `subtotal`, `payment_method`, `order_status`, `created_at`, `updated_at`) VALUES (\'3\', \'ORD20260701174304\', \'California Almond\', \'1781326894_667a0b08510655f75387.jpg\', \'250 Gram\', \'1\', 155, \'Credit Card / Debit Card / NetBanking\', \'Paid\', \'2026-07-01 17:43:04\', \'2026-07-01 17:43:04\')')
 4 SYSTEMPATH\Database\BaseBuilder.php(2345): CodeIgniter\Database\BaseConnection->query('INSERT INTO `orders` (`user_id`, `order_number`, `product_name`, `product_image`, `weight`, `quantity`, `subtotal`, `payment_method`, `order_status`, `created_at`, `updated_at`) VALUES (:user_id:, :order_number:, :product_name:, :product_image:, :weight:, :quantity:, :subtotal:, :payment_method:, :order_status:, :created_at:, :updated_at:)', [...], false)
 5 SYSTEMPATH\Model.php(355): CodeIgniter\Database\BaseBuilder->insert()
 6 SYSTEMPATH\BaseModel.php(899): CodeIgniter\Model->doInsert([...])
 7 SYSTEMPATH\Model.php(668): CodeIgniter\BaseModel->insert([...], true)
 8 APPPATH\Controllers\PaymentController.php(58): CodeIgniter\Model->insert([...])
 9 SYSTEMPATH\CodeIgniter.php(951): App\Controllers\PaymentController->payNow()
10 SYSTEMPATH\CodeIgniter.php(497): CodeIgniter\CodeIgniter->runController(Object(App\Controllers\PaymentController))
11 SYSTEMPATH\CodeIgniter.php(340): CodeIgniter\CodeIgniter->handleRequest(null, Object(Config\Cache), false)
12 SYSTEMPATH\Boot.php(417): CodeIgniter\CodeIgniter->run()
13 SYSTEMPATH\Boot.php(68): CodeIgniter\Boot::runCodeIgniter(Object(CodeIgniter\CodeIgniter))
14 FCPATH\index.php(59): CodeIgniter\Boot::bootWeb(Object(Config\Paths))
15 SYSTEMPATH\rewrite.php(44): require_once('D:\\customize_gifts\\public\\index.php')
CRITICAL - 2026-07-01 17:43:04 --> CodeIgniter\Database\Exceptions\DatabaseException: Unknown column 'updated_at' in 'field list'
[Method: GET, Route: pay-now]
in SYSTEMPATH\Database\BaseConnection.php on line 865.
 1 SYSTEMPATH\Database\BaseBuilder.php(2345): CodeIgniter\Database\BaseConnection->query('INSERT INTO `orders` (`user_id`, `order_number`, `product_name`, `product_image`, `weight`, `quantity`, `subtotal`, `payment_method`, `order_status`, `created_at`, `updated_at`) VALUES (:user_id:, :order_number:, :product_name:, :product_image:, :weight:, :quantity:, :subtotal:, :payment_method:, :order_status:, :created_at:, :updated_at:)', [...], false)
 2 SYSTEMPATH\Model.php(355): CodeIgniter\Database\BaseBuilder->insert()
 3 SYSTEMPATH\BaseModel.php(899): CodeIgniter\Model->doInsert([...])
 4 SYSTEMPATH\Model.php(668): CodeIgniter\BaseModel->insert([...], true)
 5 APPPATH\Controllers\PaymentController.php(58): CodeIgniter\Model->insert([...])
 6 SYSTEMPATH\CodeIgniter.php(951): App\Controllers\PaymentController->payNow()
 7 SYSTEMPATH\CodeIgniter.php(497): CodeIgniter\CodeIgniter->runController(Object(App\Controllers\PaymentController))
 8 SYSTEMPATH\CodeIgniter.php(340): CodeIgniter\CodeIgniter->handleRequest(null, Object(Config\Cache), false)
 9 SYSTEMPATH\Boot.php(417): CodeIgniter\CodeIgniter->run()
10 SYSTEMPATH\Boot.php(68): CodeIgniter\Boot::runCodeIgniter(Object(CodeIgniter\CodeIgniter))
11 FCPATH\index.php(59): CodeIgniter\Boot::bootWeb(Object(Config\Paths))
12 SYSTEMPATH\rewrite.php(44): require_once('D:\\customize_gifts\\public\\index.php')
CRITICAL - 2026-07-01 17:43:04 --> [Caused by] CodeIgniter\Database\Exceptions\DatabaseException: Unknown column 'updated_at' in 'field list'
in SYSTEMPATH\Database\MySQLi\Connection.php on line 310.
 1 SYSTEMPATH\Database\BaseConnection.php(910): CodeIgniter\Database\MySQLi\Connection->execute('INSERT INTO `orders` (`user_id`, `order_number`, `product_name`, `product_image`, `weight`, `quantity`, `subtotal`, `payment_method`, `order_status`, `created_at`, `updated_at`) VALUES (\'3\', \'ORD20260701174304\', \'California Almond\', \'1781326894_667a0b08510655f75387.jpg\', \'250 Gram\', \'1\', 155, \'Credit Card / Debit Card / NetBanking\', \'Paid\', \'2026-07-01 17:43:04\', \'2026-07-01 17:43:04\')')
 2 SYSTEMPATH\Database\BaseConnection.php(827): CodeIgniter\Database\BaseConnection->simpleQuery('INSERT INTO `orders` (`user_id`, `order_number`, `product_name`, `product_image`, `weight`, `quantity`, `subtotal`, `payment_method`, `order_status`, `created_at`, `updated_at`) VALUES (\'3\', \'ORD20260701174304\', \'California Almond\', \'1781326894_667a0b08510655f75387.jpg\', \'250 Gram\', \'1\', 155, \'Credit Card / Debit Card / NetBanking\', \'Paid\', \'2026-07-01 17:43:04\', \'2026-07-01 17:43:04\')')
 3 SYSTEMPATH\Database\BaseBuilder.php(2345): CodeIgniter\Database\BaseConnection->query('INSERT INTO `orders` (`user_id`, `order_number`, `product_name`, `product_image`, `weight`, `quantity`, `subtotal`, `payment_method`, `order_status`, `created_at`, `updated_at`) VALUES (:user_id:, :order_number:, :product_name:, :product_image:, :weight:, :quantity:, :subtotal:, :payment_method:, :order_status:, :created_at:, :updated_at:)', [...], false)
 4 SYSTEMPATH\Model.php(355): CodeIgniter\Database\BaseBuilder->insert()
 5 SYSTEMPATH\BaseModel.php(899): CodeIgniter\Model->doInsert([...])
 6 SYSTEMPATH\Model.php(668): CodeIgniter\BaseModel->insert([...], true)
 7 APPPATH\Controllers\PaymentController.php(58): CodeIgniter\Model->insert([...])
 8 SYSTEMPATH\CodeIgniter.php(951): App\Controllers\PaymentController->payNow()
 9 SYSTEMPATH\CodeIgniter.php(497): CodeIgniter\CodeIgniter->runController(Object(App\Controllers\PaymentController))
10 SYSTEMPATH\CodeIgniter.php(340): CodeIgniter\CodeIgniter->handleRequest(null, Object(Config\Cache), false)
11 SYSTEMPATH\Boot.php(417): CodeIgniter\CodeIgniter->run()
12 SYSTEMPATH\Boot.php(68): CodeIgniter\Boot::runCodeIgniter(Object(CodeIgniter\CodeIgniter))
13 FCPATH\index.php(59): CodeIgniter\Boot::bootWeb(Object(Config\Paths))
14 SYSTEMPATH\rewrite.php(44): require_once('D:\\customize_gifts\\public\\index.php')
CRITICAL - 2026-07-01 17:43:04 --> [Caused by] mysqli_sql_exception: Unknown column 'updated_at' in 'field list'
in SYSTEMPATH\Database\MySQLi\Connection.php on line 300.
 1 SYSTEMPATH\Database\MySQLi\Connection.php(300): mysqli->query('INSERT INTO `orders` (`user_id`, `order_number`, `product_name`, `product_image`, `weight`, `quantity`, `subtotal`, `payment_method`, `order_status`, `created_at`, `updated_at`) VALUES (\'3\', \'ORD20260701174304\', \'California Almond\', \'1781326894_667a0b08510655f75387.jpg\', \'250 Gram\', \'1\', 155, \'Credit Card / Debit Card / NetBanking\', \'Paid\', \'2026-07-01 17:43:04\', \'2026-07-01 17:43:04\')', 0)
 2 SYSTEMPATH\Database\BaseConnection.php(910): CodeIgniter\Database\MySQLi\Connection->execute('INSERT INTO `orders` (`user_id`, `order_number`, `product_name`, `product_image`, `weight`, `quantity`, `subtotal`, `payment_method`, `order_status`, `created_at`, `updated_at`) VALUES (\'3\', \'ORD20260701174304\', \'California Almond\', \'1781326894_667a0b08510655f75387.jpg\', \'250 Gram\', \'1\', 155, \'Credit Card / Debit Card / NetBanking\', \'Paid\', \'2026-07-01 17:43:04\', \'2026-07-01 17:43:04\')')
 3 SYSTEMPATH\Database\BaseConnection.php(827): CodeIgniter\Database\BaseConnection->simpleQuery('INSERT INTO `orders` (`user_id`, `order_number`, `product_name`, `product_image`, `weight`, `quantity`, `subtotal`, `payment_method`, `order_status`, `created_at`, `updated_at`) VALUES (\'3\', \'ORD20260701174304\', \'California Almond\', \'1781326894_667a0b08510655f75387.jpg\', \'250 Gram\', \'1\', 155, \'Credit Card / Debit Card / NetBanking\', \'Paid\', \'2026-07-01 17:43:04\', \'2026-07-01 17:43:04\')')
 4 SYSTEMPATH\Database\BaseBuilder.php(2345): CodeIgniter\Database\BaseConnection->query('INSERT INTO `orders` (`user_id`, `order_number`, `product_name`, `product_image`, `weight`, `quantity`, `subtotal`, `payment_method`, `order_status`, `created_at`, `updated_at`) VALUES (:user_id:, :order_number:, :product_name:, :product_image:, :weight:, :quantity:, :subtotal:, :payment_method:, :order_status:, :created_at:, :updated_at:)', [...], false)
 5 SYSTEMPATH\Model.php(355): CodeIgniter\Database\BaseBuilder->insert()
 6 SYSTEMPATH\BaseModel.php(899): CodeIgniter\Model->doInsert([...])
 7 SYSTEMPATH\Model.php(668): CodeIgniter\BaseModel->insert([...], true)
 8 APPPATH\Controllers\PaymentController.php(58): CodeIgniter\Model->insert([...])
 9 SYSTEMPATH\CodeIgniter.php(951): App\Controllers\PaymentController->payNow()
10 SYSTEMPATH\CodeIgniter.php(497): CodeIgniter\CodeIgniter->runController(Object(App\Controllers\PaymentController))
11 SYSTEMPATH\CodeIgniter.php(340): CodeIgniter\CodeIgniter->handleRequest(null, Object(Config\Cache), false)
12 SYSTEMPATH\Boot.php(417): CodeIgniter\CodeIgniter->run()
13 SYSTEMPATH\Boot.php(68): CodeIgniter\Boot::runCodeIgniter(Object(CodeIgniter\CodeIgniter))
14 FCPATH\index.php(59): CodeIgniter\Boot::bootWeb(Object(Config\Paths))
15 SYSTEMPATH\rewrite.php(44): require_once('D:\\customize_gifts\\public\\index.php')
ERROR - 2026-07-01 17:43:49 --> Unknown column 'updated_at' in 'field list'
in SYSTEMPATH\Database\MySQLi\Connection.php on line 300.
 1 SYSTEMPATH\Database\MySQLi\Connection.php(300): mysqli->query('INSERT INTO `orders` (`user_id`, `order_number`, `product_name`, `product_image`, `weight`, `quantity`, `subtotal`, `payment_method`, `order_status`, `created_at`, `updated_at`) VALUES (\'3\', \'ORD20260701174349\', \'California Almond\', \'1781326894_667a0b08510655f75387.jpg\', \'250 Gram\', \'1\', 155, \'Credit Card / Debit Card / NetBanking\', \'Paid\', \'2026-07-01 17:43:49\', \'2026-07-01 17:43:49\')', 0)
 2 SYSTEMPATH\Database\BaseConnection.php(910): CodeIgniter\Database\MySQLi\Connection->execute('INSERT INTO `orders` (`user_id`, `order_number`, `product_name`, `product_image`, `weight`, `quantity`, `subtotal`, `payment_method`, `order_status`, `created_at`, `updated_at`) VALUES (\'3\', \'ORD20260701174349\', \'California Almond\', \'1781326894_667a0b08510655f75387.jpg\', \'250 Gram\', \'1\', 155, \'Credit Card / Debit Card / NetBanking\', \'Paid\', \'2026-07-01 17:43:49\', \'2026-07-01 17:43:49\')')
 3 SYSTEMPATH\Database\BaseConnection.php(827): CodeIgniter\Database\BaseConnection->simpleQuery('INSERT INTO `orders` (`user_id`, `order_number`, `product_name`, `product_image`, `weight`, `quantity`, `subtotal`, `payment_method`, `order_status`, `created_at`, `updated_at`) VALUES (\'3\', \'ORD20260701174349\', \'California Almond\', \'1781326894_667a0b08510655f75387.jpg\', \'250 Gram\', \'1\', 155, \'Credit Card / Debit Card / NetBanking\', \'Paid\', \'2026-07-01 17:43:49\', \'2026-07-01 17:43:49\')')
 4 SYSTEMPATH\Database\BaseBuilder.php(2345): CodeIgniter\Database\BaseConnection->query('INSERT INTO `orders` (`user_id`, `order_number`, `product_name`, `product_image`, `weight`, `quantity`, `subtotal`, `payment_method`, `order_status`, `created_at`, `updated_at`) VALUES (:user_id:, :order_number:, :product_name:, :product_image:, :weight:, :quantity:, :subtotal:, :payment_method:, :order_status:, :created_at:, :updated_at:)', [...], false)
 5 SYSTEMPATH\Model.php(355): CodeIgniter\Database\BaseBuilder->insert()
 6 SYSTEMPATH\BaseModel.php(899): CodeIgniter\Model->doInsert([...])
 7 SYSTEMPATH\Model.php(668): CodeIgniter\BaseModel->insert([...], true)
 8 APPPATH\Controllers\PaymentController.php(59): CodeIgniter\Model->insert([...])
 9 SYSTEMPATH\CodeIgniter.php(951): App\Controllers\PaymentController->payNow()
10 SYSTEMPATH\CodeIgniter.php(497): CodeIgniter\CodeIgniter->runController(Object(App\Controllers\PaymentController))
11 SYSTEMPATH\CodeIgniter.php(340): CodeIgniter\CodeIgniter->handleRequest(null, Object(Config\Cache), false)
12 SYSTEMPATH\Boot.php(417): CodeIgniter\CodeIgniter->run()
13 SYSTEMPATH\Boot.php(68): CodeIgniter\Boot::runCodeIgniter(Object(CodeIgniter\CodeIgniter))
14 FCPATH\index.php(59): CodeIgniter\Boot::bootWeb(Object(Config\Paths))
15 SYSTEMPATH\rewrite.php(44): require_once('D:\\customize_gifts\\public\\index.php')
CRITICAL - 2026-07-01 17:43:49 --> CodeIgniter\Database\Exceptions\DatabaseException: Unknown column 'updated_at' in 'field list'
[Method: GET, Route: pay-now]
in SYSTEMPATH\Database\BaseConnection.php on line 865.
 1 SYSTEMPATH\Database\BaseBuilder.php(2345): CodeIgniter\Database\BaseConnection->query('INSERT INTO `orders` (`user_id`, `order_number`, `product_name`, `product_image`, `weight`, `quantity`, `subtotal`, `payment_method`, `order_status`, `created_at`, `updated_at`) VALUES (:user_id:, :order_number:, :product_name:, :product_image:, :weight:, :quantity:, :subtotal:, :payment_method:, :order_status:, :created_at:, :updated_at:)', [...], false)
 2 SYSTEMPATH\Model.php(355): CodeIgniter\Database\BaseBuilder->insert()
 3 SYSTEMPATH\BaseModel.php(899): CodeIgniter\Model->doInsert([...])
 4 SYSTEMPATH\Model.php(668): CodeIgniter\BaseModel->insert([...], true)
 5 APPPATH\Controllers\PaymentController.php(59): CodeIgniter\Model->insert([...])
 6 SYSTEMPATH\CodeIgniter.php(951): App\Controllers\PaymentController->payNow()
 7 SYSTEMPATH\CodeIgniter.php(497): CodeIgniter\CodeIgniter->runController(Object(App\Controllers\PaymentController))
 8 SYSTEMPATH\CodeIgniter.php(340): CodeIgniter\CodeIgniter->handleRequest(null, Object(Config\Cache), false)
 9 SYSTEMPATH\Boot.php(417): CodeIgniter\CodeIgniter->run()
10 SYSTEMPATH\Boot.php(68): CodeIgniter\Boot::runCodeIgniter(Object(CodeIgniter\CodeIgniter))
11 FCPATH\index.php(59): CodeIgniter\Boot::bootWeb(Object(Config\Paths))
12 SYSTEMPATH\rewrite.php(44): require_once('D:\\customize_gifts\\public\\index.php')
CRITICAL - 2026-07-01 17:43:49 --> [Caused by] CodeIgniter\Database\Exceptions\DatabaseException: Unknown column 'updated_at' in 'field list'
in SYSTEMPATH\Database\MySQLi\Connection.php on line 310.
 1 SYSTEMPATH\Database\BaseConnection.php(910): CodeIgniter\Database\MySQLi\Connection->execute('INSERT INTO `orders` (`user_id`, `order_number`, `product_name`, `product_image`, `weight`, `quantity`, `subtotal`, `payment_method`, `order_status`, `created_at`, `updated_at`) VALUES (\'3\', \'ORD20260701174349\', \'California Almond\', \'1781326894_667a0b08510655f75387.jpg\', \'250 Gram\', \'1\', 155, \'Credit Card / Debit Card / NetBanking\', \'Paid\', \'2026-07-01 17:43:49\', \'2026-07-01 17:43:49\')')
 2 SYSTEMPATH\Database\BaseConnection.php(827): CodeIgniter\Database\BaseConnection->simpleQuery('INSERT INTO `orders` (`user_id`, `order_number`, `product_name`, `product_image`, `weight`, `quantity`, `subtotal`, `payment_method`, `order_status`, `created_at`, `updated_at`) VALUES (\'3\', \'ORD20260701174349\', \'California Almond\', \'1781326894_667a0b08510655f75387.jpg\', \'250 Gram\', \'1\', 155, \'Credit Card / Debit Card / NetBanking\', \'Paid\', \'2026-07-01 17:43:49\', \'2026-07-01 17:43:49\')')
 3 SYSTEMPATH\Database\BaseBuilder.php(2345): CodeIgniter\Database\BaseConnection->query('INSERT INTO `orders` (`user_id`, `order_number`, `product_name`, `product_image`, `weight`, `quantity`, `subtotal`, `payment_method`, `order_status`, `created_at`, `updated_at`) VALUES (:user_id:, :order_number:, :product_name:, :product_image:, :weight:, :quantity:, :subtotal:, :payment_method:, :order_status:, :created_at:, :updated_at:)', [...], false)
 4 SYSTEMPATH\Model.php(355): CodeIgniter\Database\BaseBuilder->insert()
 5 SYSTEMPATH\BaseModel.php(899): CodeIgniter\Model->doInsert([...])
 6 SYSTEMPATH\Model.php(668): CodeIgniter\BaseModel->insert([...], true)
 7 APPPATH\Controllers\PaymentController.php(59): CodeIgniter\Model->insert([...])
 8 SYSTEMPATH\CodeIgniter.php(951): App\Controllers\PaymentController->payNow()
 9 SYSTEMPATH\CodeIgniter.php(497): CodeIgniter\CodeIgniter->runController(Object(App\Controllers\PaymentController))
10 SYSTEMPATH\CodeIgniter.php(340): CodeIgniter\CodeIgniter->handleRequest(null, Object(Config\Cache), false)
11 SYSTEMPATH\Boot.php(417): CodeIgniter\CodeIgniter->run()
12 SYSTEMPATH\Boot.php(68): CodeIgniter\Boot::runCodeIgniter(Object(CodeIgniter\CodeIgniter))
13 FCPATH\index.php(59): CodeIgniter\Boot::bootWeb(Object(Config\Paths))
14 SYSTEMPATH\rewrite.php(44): require_once('D:\\customize_gifts\\public\\index.php')
CRITICAL - 2026-07-01 17:43:49 --> [Caused by] mysqli_sql_exception: Unknown column 'updated_at' in 'field list'
in SYSTEMPATH\Database\MySQLi\Connection.php on line 300.
 1 SYSTEMPATH\Database\MySQLi\Connection.php(300): mysqli->query('INSERT INTO `orders` (`user_id`, `order_number`, `product_name`, `product_image`, `weight`, `quantity`, `subtotal`, `payment_method`, `order_status`, `created_at`, `updated_at`) VALUES (\'3\', \'ORD20260701174349\', \'California Almond\', \'1781326894_667a0b08510655f75387.jpg\', \'250 Gram\', \'1\', 155, \'Credit Card / Debit Card / NetBanking\', \'Paid\', \'2026-07-01 17:43:49\', \'2026-07-01 17:43:49\')', 0)
 2 SYSTEMPATH\Database\BaseConnection.php(910): CodeIgniter\Database\MySQLi\Connection->execute('INSERT INTO `orders` (`user_id`, `order_number`, `product_name`, `product_image`, `weight`, `quantity`, `subtotal`, `payment_method`, `order_status`, `created_at`, `updated_at`) VALUES (\'3\', \'ORD20260701174349\', \'California Almond\', \'1781326894_667a0b08510655f75387.jpg\', \'250 Gram\', \'1\', 155, \'Credit Card / Debit Card / NetBanking\', \'Paid\', \'2026-07-01 17:43:49\', \'2026-07-01 17:43:49\')')
 3 SYSTEMPATH\Database\BaseConnection.php(827): CodeIgniter\Database\BaseConnection->simpleQuery('INSERT INTO `orders` (`user_id`, `order_number`, `product_name`, `product_image`, `weight`, `quantity`, `subtotal`, `payment_method`, `order_status`, `created_at`, `updated_at`) VALUES (\'3\', \'ORD20260701174349\', \'California Almond\', \'1781326894_667a0b08510655f75387.jpg\', \'250 Gram\', \'1\', 155, \'Credit Card / Debit Card / NetBanking\', \'Paid\', \'2026-07-01 17:43:49\', \'2026-07-01 17:43:49\')')
 4 SYSTEMPATH\Database\BaseBuilder.php(2345): CodeIgniter\Database\BaseConnection->query('INSERT INTO `orders` (`user_id`, `order_number`, `product_name`, `product_image`, `weight`, `quantity`, `subtotal`, `payment_method`, `order_status`, `created_at`, `updated_at`) VALUES (:user_id:, :order_number:, :product_name:, :product_image:, :weight:, :quantity:, :subtotal:, :payment_method:, :order_status:, :created_at:, :updated_at:)', [...], false)
 5 SYSTEMPATH\Model.php(355): CodeIgniter\Database\BaseBuilder->insert()
 6 SYSTEMPATH\BaseModel.php(899): CodeIgniter\Model->doInsert([...])
 7 SYSTEMPATH\Model.php(668): CodeIgniter\BaseModel->insert([...], true)
 8 APPPATH\Controllers\PaymentController.php(59): CodeIgniter\Model->insert([...])
 9 SYSTEMPATH\CodeIgniter.php(951): App\Controllers\PaymentController->payNow()
10 SYSTEMPATH\CodeIgniter.php(497): CodeIgniter\CodeIgniter->runController(Object(App\Controllers\PaymentController))
11 SYSTEMPATH\CodeIgniter.php(340): CodeIgniter\CodeIgniter->handleRequest(null, Object(Config\Cache), false)
12 SYSTEMPATH\Boot.php(417): CodeIgniter\CodeIgniter->run()
13 SYSTEMPATH\Boot.php(68): CodeIgniter\Boot::runCodeIgniter(Object(CodeIgniter\CodeIgniter))
14 FCPATH\index.php(59): CodeIgniter\Boot::bootWeb(Object(Config\Paths))
15 SYSTEMPATH\rewrite.php(44): require_once('D:\\customize_gifts\\public\\index.php')
ERROR - 2026-07-01 17:47:14 --> Unknown column 'updated_at' in 'field list'
in SYSTEMPATH\Database\MySQLi\Connection.php on line 300.
 1 SYSTEMPATH\Database\MySQLi\Connection.php(300): mysqli->query('INSERT INTO `orders` (`user_id`, `order_number`, `product_name`, `product_image`, `weight`, `quantity`, `subtotal`, `payment_method`, `order_status`, `created_at`, `updated_at`) VALUES (\'3\', \'ORD20260701174714\', \'California Almond\', \'1781326894_667a0b08510655f75387.jpg\', \'250 Gram\', \'1\', 155, \'Credit Card / Debit Card / NetBanking\', \'Paid\', \'2026-07-01 17:47:14\', \'2026-07-01 17:47:14\')', 0)
 2 SYSTEMPATH\Database\BaseConnection.php(910): CodeIgniter\Database\MySQLi\Connection->execute('INSERT INTO `orders` (`user_id`, `order_number`, `product_name`, `product_image`, `weight`, `quantity`, `subtotal`, `payment_method`, `order_status`, `created_at`, `updated_at`) VALUES (\'3\', \'ORD20260701174714\', \'California Almond\', \'1781326894_667a0b08510655f75387.jpg\', \'250 Gram\', \'1\', 155, \'Credit Card / Debit Card / NetBanking\', \'Paid\', \'2026-07-01 17:47:14\', \'2026-07-01 17:47:14\')')
 3 SYSTEMPATH\Database\BaseConnection.php(827): CodeIgniter\Database\BaseConnection->simpleQuery('INSERT INTO `orders` (`user_id`, `order_number`, `product_name`, `product_image`, `weight`, `quantity`, `subtotal`, `payment_method`, `order_status`, `created_at`, `updated_at`) VALUES (\'3\', \'ORD20260701174714\', \'California Almond\', \'1781326894_667a0b08510655f75387.jpg\', \'250 Gram\', \'1\', 155, \'Credit Card / Debit Card / NetBanking\', \'Paid\', \'2026-07-01 17:47:14\', \'2026-07-01 17:47:14\')')
 4 SYSTEMPATH\Database\BaseBuilder.php(2345): CodeIgniter\Database\BaseConnection->query('INSERT INTO `orders` (`user_id`, `order_number`, `product_name`, `product_image`, `weight`, `quantity`, `subtotal`, `payment_method`, `order_status`, `created_at`, `updated_at`) VALUES (:user_id:, :order_number:, :product_name:, :product_image:, :weight:, :quantity:, :subtotal:, :payment_method:, :order_status:, :created_at:, :updated_at:)', [...], false)
 5 SYSTEMPATH\Model.php(355): CodeIgniter\Database\BaseBuilder->insert()
 6 SYSTEMPATH\BaseModel.php(899): CodeIgniter\Model->doInsert([...])
 7 SYSTEMPATH\Model.php(668): CodeIgniter\BaseModel->insert([...], true)
 8 APPPATH\Controllers\PaymentController.php(61): CodeIgniter\Model->insert([...])
 9 SYSTEMPATH\CodeIgniter.php(951): App\Controllers\PaymentController->payNow()
10 SYSTEMPATH\CodeIgniter.php(497): CodeIgniter\CodeIgniter->runController(Object(App\Controllers\PaymentController))
11 SYSTEMPATH\CodeIgniter.php(340): CodeIgniter\CodeIgniter->handleRequest(null, Object(Config\Cache), false)
12 SYSTEMPATH\Boot.php(417): CodeIgniter\CodeIgniter->run()
13 SYSTEMPATH\Boot.php(68): CodeIgniter\Boot::runCodeIgniter(Object(CodeIgniter\CodeIgniter))
14 FCPATH\index.php(59): CodeIgniter\Boot::bootWeb(Object(Config\Paths))
15 SYSTEMPATH\rewrite.php(44): require_once('D:\\customize_gifts\\public\\index.php')
CRITICAL - 2026-07-01 17:54:49 --> ErrorException: Undefined array key "price"
[Method: GET, Route: my_orders]
in APPPATH\Views\user\orders.php on line 392.
 1 APPPATH\Views\user\orders.php(392): CodeIgniter\Debug\Exceptions->errorHandler(2, 'Undefined array key "price"', 'D:\\customize_gifts\\app\\Views\\user\\orders.php', 392)
 2 SYSTEMPATH\View\View.php(240): include('D:\\customize_gifts\\app\\Views\\user\\orders.php')
 3 SYSTEMPATH\View\View.php(243): CodeIgniter\View\View->CodeIgniter\View\{closure}()
 4 SYSTEMPATH\Common.php(1250): CodeIgniter\View\View->render('user/orders', [], true)
 5 APPPATH\Controllers\UserController.php(106): view('user/orders', [...])
 6 SYSTEMPATH\CodeIgniter.php(951): App\Controllers\UserController->myOrders()
 7 SYSTEMPATH\CodeIgniter.php(497): CodeIgniter\CodeIgniter->runController(Object(App\Controllers\UserController))
 8 SYSTEMPATH\CodeIgniter.php(340): CodeIgniter\CodeIgniter->handleRequest(null, Object(Config\Cache), false)
 9 SYSTEMPATH\Boot.php(417): CodeIgniter\CodeIgniter->run()
10 SYSTEMPATH\Boot.php(68): CodeIgniter\Boot::runCodeIgniter(Object(CodeIgniter\CodeIgniter))
11 FCPATH\index.php(59): CodeIgniter\Boot::bootWeb(Object(Config\Paths))
12 SYSTEMPATH\rewrite.php(44): require_once('D:\\customize_gifts\\public\\index.php')
CRITICAL - 2026-07-01 17:55:38 --> ErrorException: Undefined array key "price"
[Method: GET, Route: my_orders]
in APPPATH\Views\user\orders.php on line 392.
 1 APPPATH\Views\user\orders.php(392): CodeIgniter\Debug\Exceptions->errorHandler(2, 'Undefined array key "price"', 'D:\\customize_gifts\\app\\Views\\user\\orders.php', 392)
 2 SYSTEMPATH\View\View.php(240): include('D:\\customize_gifts\\app\\Views\\user\\orders.php')
 3 SYSTEMPATH\View\View.php(243): CodeIgniter\View\View->CodeIgniter\View\{closure}()
 4 SYSTEMPATH\Common.php(1250): CodeIgniter\View\View->render('user/orders', [], true)
 5 APPPATH\Controllers\UserController.php(106): view('user/orders', [...])
 6 SYSTEMPATH\CodeIgniter.php(951): App\Controllers\UserController->myOrders()
 7 SYSTEMPATH\CodeIgniter.php(497): CodeIgniter\CodeIgniter->runController(Object(App\Controllers\UserController))
 8 SYSTEMPATH\CodeIgniter.php(340): CodeIgniter\CodeIgniter->handleRequest(null, Object(Config\Cache), false)
 9 SYSTEMPATH\Boot.php(417): CodeIgniter\CodeIgniter->run()
10 SYSTEMPATH\Boot.php(68): CodeIgniter\Boot::runCodeIgniter(Object(CodeIgniter\CodeIgniter))
11 FCPATH\index.php(59): CodeIgniter\Boot::bootWeb(Object(Config\Paths))
12 SYSTEMPATH\rewrite.php(44): require_once('D:\\customize_gifts\\public\\index.php')
CRITICAL - 2026-07-01 17:57:53 --> ErrorException: Undefined array key "price"
[Method: GET, Route: my_orders]
in APPPATH\Views\user\orders.php on line 392.
 1 APPPATH\Views\user\orders.php(392): CodeIgniter\Debug\Exceptions->errorHandler(2, 'Undefined array key "price"', 'D:\\customize_gifts\\app\\Views\\user\\orders.php', 392)
 2 SYSTEMPATH\View\View.php(240): include('D:\\customize_gifts\\app\\Views\\user\\orders.php')
 3 SYSTEMPATH\View\View.php(243): CodeIgniter\View\View->CodeIgniter\View\{closure}()
 4 SYSTEMPATH\Common.php(1250): CodeIgniter\View\View->render('user/orders', [], true)
 5 APPPATH\Controllers\UserController.php(106): view('user/orders', [...])
 6 SYSTEMPATH\CodeIgniter.php(951): App\Controllers\UserController->myOrders()
 7 SYSTEMPATH\CodeIgniter.php(497): CodeIgniter\CodeIgniter->runController(Object(App\Controllers\UserController))
 8 SYSTEMPATH\CodeIgniter.php(340): CodeIgniter\CodeIgniter->handleRequest(null, Object(Config\Cache), false)
 9 SYSTEMPATH\Boot.php(417): CodeIgniter\CodeIgniter->run()
10 SYSTEMPATH\Boot.php(68): CodeIgniter\Boot::runCodeIgniter(Object(CodeIgniter\CodeIgniter))
11 FCPATH\index.php(59): CodeIgniter\Boot::bootWeb(Object(Config\Paths))
12 SYSTEMPATH\rewrite.php(44): require_once('D:\\customize_gifts\\public\\index.php')
CRITICAL - 2026-07-01 18:02:19 --> ErrorException: Undefined array key "price"
[Method: GET, Route: my_orders]
in APPPATH\Views\user\orders.php on line 392.
 1 APPPATH\Views\user\orders.php(392): CodeIgniter\Debug\Exceptions->errorHandler(2, 'Undefined array key "price"', 'D:\\customize_gifts\\app\\Views\\user\\orders.php', 392)
 2 SYSTEMPATH\View\View.php(240): include('D:\\customize_gifts\\app\\Views\\user\\orders.php')
 3 SYSTEMPATH\View\View.php(243): CodeIgniter\View\View->CodeIgniter\View\{closure}()
 4 SYSTEMPATH\Common.php(1250): CodeIgniter\View\View->render('user/orders', [], true)
 5 APPPATH\Controllers\UserController.php(106): view('user/orders', [...])
 6 SYSTEMPATH\CodeIgniter.php(951): App\Controllers\UserController->myOrders()
 7 SYSTEMPATH\CodeIgniter.php(497): CodeIgniter\CodeIgniter->runController(Object(App\Controllers\UserController))
 8 SYSTEMPATH\CodeIgniter.php(340): CodeIgniter\CodeIgniter->handleRequest(null, Object(Config\Cache), false)
 9 SYSTEMPATH\Boot.php(417): CodeIgniter\CodeIgniter->run()
10 SYSTEMPATH\Boot.php(68): CodeIgniter\Boot::runCodeIgniter(Object(CodeIgniter\CodeIgniter))
11 FCPATH\index.php(59): CodeIgniter\Boot::bootWeb(Object(Config\Paths))
12 SYSTEMPATH\rewrite.php(44): require_once('D:\\customize_gifts\\public\\index.php')
CRITICAL - 2026-07-01 18:02:31 --> ErrorException: Undefined array key "price"
[Method: GET, Route: my_orders]
in APPPATH\Views\user\orders.php on line 392.
 1 APPPATH\Views\user\orders.php(392): CodeIgniter\Debug\Exceptions->errorHandler(2, 'Undefined array key "price"', 'D:\\customize_gifts\\app\\Views\\user\\orders.php', 392)
 2 SYSTEMPATH\View\View.php(240): include('D:\\customize_gifts\\app\\Views\\user\\orders.php')
 3 SYSTEMPATH\View\View.php(243): CodeIgniter\View\View->CodeIgniter\View\{closure}()
 4 SYSTEMPATH\Common.php(1250): CodeIgniter\View\View->render('user/orders', [], true)
 5 APPPATH\Controllers\UserController.php(106): view('user/orders', [...])
 6 SYSTEMPATH\CodeIgniter.php(951): App\Controllers\UserController->myOrders()
 7 SYSTEMPATH\CodeIgniter.php(497): CodeIgniter\CodeIgniter->runController(Object(App\Controllers\UserController))
 8 SYSTEMPATH\CodeIgniter.php(340): CodeIgniter\CodeIgniter->handleRequest(null, Object(Config\Cache), false)
 9 SYSTEMPATH\Boot.php(417): CodeIgniter\CodeIgniter->run()
10 SYSTEMPATH\Boot.php(68): CodeIgniter\Boot::runCodeIgniter(Object(CodeIgniter\CodeIgniter))
11 FCPATH\index.php(59): CodeIgniter\Boot::bootWeb(Object(Config\Paths))
12 SYSTEMPATH\rewrite.php(44): require_once('D:\\customize_gifts\\public\\index.php')
CRITICAL - 2026-07-01 18:02:56 --> ErrorException: Undefined array key "price"
[Method: GET, Route: my_orders]
in APPPATH\Views\user\orders.php on line 392.
 1 APPPATH\Views\user\orders.php(392): CodeIgniter\Debug\Exceptions->errorHandler(2, 'Undefined array key "price"', 'D:\\customize_gifts\\app\\Views\\user\\orders.php', 392)
 2 SYSTEMPATH\View\View.php(240): include('D:\\customize_gifts\\app\\Views\\user\\orders.php')
 3 SYSTEMPATH\View\View.php(243): CodeIgniter\View\View->CodeIgniter\View\{closure}()
 4 SYSTEMPATH\Common.php(1250): CodeIgniter\View\View->render('user/orders', [], true)
 5 APPPATH\Controllers\UserController.php(106): view('user/orders', [...])
 6 SYSTEMPATH\CodeIgniter.php(951): App\Controllers\UserController->myOrders()
 7 SYSTEMPATH\CodeIgniter.php(497): CodeIgniter\CodeIgniter->runController(Object(App\Controllers\UserController))
 8 SYSTEMPATH\CodeIgniter.php(340): CodeIgniter\CodeIgniter->handleRequest(null, Object(Config\Cache), false)
 9 SYSTEMPATH\Boot.php(417): CodeIgniter\CodeIgniter->run()
10 SYSTEMPATH\Boot.php(68): CodeIgniter\Boot::runCodeIgniter(Object(CodeIgniter\CodeIgniter))
11 FCPATH\index.php(59): CodeIgniter\Boot::bootWeb(Object(Config\Paths))
12 SYSTEMPATH\rewrite.php(44): require_once('D:\\customize_gifts\\public\\index.php')
CRITICAL - 2026-07-01 18:03:13 --> ErrorException: Undefined array key "price"
[Method: GET, Route: my_orders]
in APPPATH\Views\user\orders.php on line 391.
 1 APPPATH\Views\user\orders.php(391): CodeIgniter\Debug\Exceptions->errorHandler(2, 'Undefined array key "price"', 'D:\\customize_gifts\\app\\Views\\user\\orders.php', 391)
 2 SYSTEMPATH\View\View.php(240): include('D:\\customize_gifts\\app\\Views\\user\\orders.php')
 3 SYSTEMPATH\View\View.php(243): CodeIgniter\View\View->CodeIgniter\View\{closure}()
 4 SYSTEMPATH\Common.php(1250): CodeIgniter\View\View->render('user/orders', [], true)
 5 APPPATH\Controllers\UserController.php(106): view('user/orders', [...])
 6 SYSTEMPATH\CodeIgniter.php(951): App\Controllers\UserController->myOrders()
 7 SYSTEMPATH\CodeIgniter.php(497): CodeIgniter\CodeIgniter->runController(Object(App\Controllers\UserController))
 8 SYSTEMPATH\CodeIgniter.php(340): CodeIgniter\CodeIgniter->handleRequest(null, Object(Config\Cache), false)
 9 SYSTEMPATH\Boot.php(417): CodeIgniter\CodeIgniter->run()
10 SYSTEMPATH\Boot.php(68): CodeIgniter\Boot::runCodeIgniter(Object(CodeIgniter\CodeIgniter))
11 FCPATH\index.php(59): CodeIgniter\Boot::bootWeb(Object(Config\Paths))
12 SYSTEMPATH\rewrite.php(44): require_once('D:\\customize_gifts\\public\\index.php')
CRITICAL - 2026-07-01 18:03:26 --> ErrorException: Undefined array key "price"
[Method: GET, Route: my_orders]
in APPPATH\Views\user\orders.php on line 389.
 1 APPPATH\Views\user\orders.php(389): CodeIgniter\Debug\Exceptions->errorHandler(2, 'Undefined array key "price"', 'D:\\customize_gifts\\app\\Views\\user\\orders.php', 389)
 2 SYSTEMPATH\View\View.php(240): include('D:\\customize_gifts\\app\\Views\\user\\orders.php')
 3 SYSTEMPATH\View\View.php(243): CodeIgniter\View\View->CodeIgniter\View\{closure}()
 4 SYSTEMPATH\Common.php(1250): CodeIgniter\View\View->render('user/orders', [], true)
 5 APPPATH\Controllers\UserController.php(106): view('user/orders', [...])
 6 SYSTEMPATH\CodeIgniter.php(951): App\Controllers\UserController->myOrders()
 7 SYSTEMPATH\CodeIgniter.php(497): CodeIgniter\CodeIgniter->runController(Object(App\Controllers\UserController))
 8 SYSTEMPATH\CodeIgniter.php(340): CodeIgniter\CodeIgniter->handleRequest(null, Object(Config\Cache), false)
 9 SYSTEMPATH\Boot.php(417): CodeIgniter\CodeIgniter->run()
10 SYSTEMPATH\Boot.php(68): CodeIgniter\Boot::runCodeIgniter(Object(CodeIgniter\CodeIgniter))
11 FCPATH\index.php(59): CodeIgniter\Boot::bootWeb(Object(Config\Paths))
12 SYSTEMPATH\rewrite.php(44): require_once('D:\\customize_gifts\\public\\index.php')
CRITICAL - 2026-07-01 18:04:23 --> ErrorException: Undefined array key "price"
[Method: GET, Route: my_orders]
in APPPATH\Views\user\orders.php on line 389.
 1 APPPATH\Views\user\orders.php(389): CodeIgniter\Debug\Exceptions->errorHandler(2, 'Undefined array key "price"', 'D:\\customize_gifts\\app\\Views\\user\\orders.php', 389)
 2 SYSTEMPATH\View\View.php(240): include('D:\\customize_gifts\\app\\Views\\user\\orders.php')
 3 SYSTEMPATH\View\View.php(243): CodeIgniter\View\View->CodeIgniter\View\{closure}()
 4 SYSTEMPATH\Common.php(1250): CodeIgniter\View\View->render('user/orders', [], true)
 5 APPPATH\Controllers\UserController.php(106): view('user/orders', [...])
 6 SYSTEMPATH\CodeIgniter.php(951): App\Controllers\UserController->myOrders()
 7 SYSTEMPATH\CodeIgniter.php(497): CodeIgniter\CodeIgniter->runController(Object(App\Controllers\UserController))
 8 SYSTEMPATH\CodeIgniter.php(340): CodeIgniter\CodeIgniter->handleRequest(null, Object(Config\Cache), false)
 9 SYSTEMPATH\Boot.php(417): CodeIgniter\CodeIgniter->run()
10 SYSTEMPATH\Boot.php(68): CodeIgniter\Boot::runCodeIgniter(Object(CodeIgniter\CodeIgniter))
11 FCPATH\index.php(59): CodeIgniter\Boot::bootWeb(Object(Config\Paths))
12 SYSTEMPATH\rewrite.php(44): require_once('D:\\customize_gifts\\public\\index.php')
CRITICAL - 2026-07-01 18:04:40 --> ErrorException: Undefined array key "price"
[Method: GET, Route: my_orders]
in APPPATH\Views\user\orders.php on line 392.
 1 APPPATH\Views\user\orders.php(392): CodeIgniter\Debug\Exceptions->errorHandler(2, 'Undefined array key "price"', 'D:\\customize_gifts\\app\\Views\\user\\orders.php', 392)
 2 SYSTEMPATH\View\View.php(240): include('D:\\customize_gifts\\app\\Views\\user\\orders.php')
 3 SYSTEMPATH\View\View.php(243): CodeIgniter\View\View->CodeIgniter\View\{closure}()
 4 SYSTEMPATH\Common.php(1250): CodeIgniter\View\View->render('user/orders', [], true)
 5 APPPATH\Controllers\UserController.php(106): view('user/orders', [...])
 6 SYSTEMPATH\CodeIgniter.php(951): App\Controllers\UserController->myOrders()
 7 SYSTEMPATH\CodeIgniter.php(497): CodeIgniter\CodeIgniter->runController(Object(App\Controllers\UserController))
 8 SYSTEMPATH\CodeIgniter.php(340): CodeIgniter\CodeIgniter->handleRequest(null, Object(Config\Cache), false)
 9 SYSTEMPATH\Boot.php(417): CodeIgniter\CodeIgniter->run()
10 SYSTEMPATH\Boot.php(68): CodeIgniter\Boot::runCodeIgniter(Object(CodeIgniter\CodeIgniter))
11 FCPATH\index.php(59): CodeIgniter\Boot::bootWeb(Object(Config\Paths))
12 SYSTEMPATH\rewrite.php(44): require_once('D:\\customize_gifts\\public\\index.php')
CRITICAL - 2026-07-01 18:04:42 --> ErrorException: Undefined array key "price"
[Method: GET, Route: my_orders]
in APPPATH\Views\user\orders.php on line 392.
 1 APPPATH\Views\user\orders.php(392): CodeIgniter\Debug\Exceptions->errorHandler(2, 'Undefined array key "price"', 'D:\\customize_gifts\\app\\Views\\user\\orders.php', 392)
 2 SYSTEMPATH\View\View.php(240): include('D:\\customize_gifts\\app\\Views\\user\\orders.php')
 3 SYSTEMPATH\View\View.php(243): CodeIgniter\View\View->CodeIgniter\View\{closure}()
 4 SYSTEMPATH\Common.php(1250): CodeIgniter\View\View->render('user/orders', [], true)
 5 APPPATH\Controllers\UserController.php(106): view('user/orders', [...])
 6 SYSTEMPATH\CodeIgniter.php(951): App\Controllers\UserController->myOrders()
 7 SYSTEMPATH\CodeIgniter.php(497): CodeIgniter\CodeIgniter->runController(Object(App\Controllers\UserController))
 8 SYSTEMPATH\CodeIgniter.php(340): CodeIgniter\CodeIgniter->handleRequest(null, Object(Config\Cache), false)
 9 SYSTEMPATH\Boot.php(417): CodeIgniter\CodeIgniter->run()
10 SYSTEMPATH\Boot.php(68): CodeIgniter\Boot::runCodeIgniter(Object(CodeIgniter\CodeIgniter))
11 FCPATH\index.php(59): CodeIgniter\Boot::bootWeb(Object(Config\Paths))
12 SYSTEMPATH\rewrite.php(44): require_once('D:\\customize_gifts\\public\\index.php')
CRITICAL - 2026-07-01 18:04:48 --> ErrorException: Undefined array key "price"
[Method: GET, Route: my_orders]
in APPPATH\Views\user\orders.php on line 392.
 1 APPPATH\Views\user\orders.php(392): CodeIgniter\Debug\Exceptions->errorHandler(2, 'Undefined array key "price"', 'D:\\customize_gifts\\app\\Views\\user\\orders.php', 392)
 2 SYSTEMPATH\View\View.php(240): include('D:\\customize_gifts\\app\\Views\\user\\orders.php')
 3 SYSTEMPATH\View\View.php(243): CodeIgniter\View\View->CodeIgniter\View\{closure}()
 4 SYSTEMPATH\Common.php(1250): CodeIgniter\View\View->render('user/orders', [], true)
 5 APPPATH\Controllers\UserController.php(106): view('user/orders', [...])
 6 SYSTEMPATH\CodeIgniter.php(951): App\Controllers\UserController->myOrders()
 7 SYSTEMPATH\CodeIgniter.php(497): CodeIgniter\CodeIgniter->runController(Object(App\Controllers\UserController))
 8 SYSTEMPATH\CodeIgniter.php(340): CodeIgniter\CodeIgniter->handleRequest(null, Object(Config\Cache), false)
 9 SYSTEMPATH\Boot.php(417): CodeIgniter\CodeIgniter->run()
10 SYSTEMPATH\Boot.php(68): CodeIgniter\Boot::runCodeIgniter(Object(CodeIgniter\CodeIgniter))
11 FCPATH\index.php(59): CodeIgniter\Boot::bootWeb(Object(Config\Paths))
12 SYSTEMPATH\rewrite.php(44): require_once('D:\\customize_gifts\\public\\index.php')
CRITICAL - 2026-07-01 18:04:59 --> ErrorException: Undefined array key "price"
[Method: GET, Route: my_orders]
in APPPATH\Views\user\orders.php on line 392.
 1 APPPATH\Views\user\orders.php(392): CodeIgniter\Debug\Exceptions->errorHandler(2, 'Undefined array key "price"', 'D:\\customize_gifts\\app\\Views\\user\\orders.php', 392)
 2 SYSTEMPATH\View\View.php(240): include('D:\\customize_gifts\\app\\Views\\user\\orders.php')
 3 SYSTEMPATH\View\View.php(243): CodeIgniter\View\View->CodeIgniter\View\{closure}()
 4 SYSTEMPATH\Common.php(1250): CodeIgniter\View\View->render('user/orders', [], true)
 5 APPPATH\Controllers\UserController.php(106): view('user/orders', [...])
 6 SYSTEMPATH\CodeIgniter.php(951): App\Controllers\UserController->myOrders()
 7 SYSTEMPATH\CodeIgniter.php(497): CodeIgniter\CodeIgniter->runController(Object(App\Controllers\UserController))
 8 SYSTEMPATH\CodeIgniter.php(340): CodeIgniter\CodeIgniter->handleRequest(null, Object(Config\Cache), false)
 9 SYSTEMPATH\Boot.php(417): CodeIgniter\CodeIgniter->run()
10 SYSTEMPATH\Boot.php(68): CodeIgniter\Boot::runCodeIgniter(Object(CodeIgniter\CodeIgniter))
11 FCPATH\index.php(59): CodeIgniter\Boot::bootWeb(Object(Config\Paths))
12 SYSTEMPATH\rewrite.php(44): require_once('D:\\customize_gifts\\public\\index.php')
CRITICAL - 2026-07-01 18:14:03 --> Error: Class "App\Controllers\OrderModel" not found
[Method: GET, Route: pay-now]
in APPPATH\Controllers\PaymentController.php on line 32.
 1 SYSTEMPATH\CodeIgniter.php(951): App\Controllers\PaymentController->payNow()
 2 SYSTEMPATH\CodeIgniter.php(497): CodeIgniter\CodeIgniter->runController(Object(App\Controllers\PaymentController))
 3 SYSTEMPATH\CodeIgniter.php(340): CodeIgniter\CodeIgniter->handleRequest(null, Object(Config\Cache), false)
 4 SYSTEMPATH\Boot.php(417): CodeIgniter\CodeIgniter->run()
 5 SYSTEMPATH\Boot.php(68): CodeIgniter\Boot::runCodeIgniter(Object(CodeIgniter\CodeIgniter))
 6 FCPATH\index.php(59): CodeIgniter\Boot::bootWeb(Object(Config\Paths))
 7 SYSTEMPATH\rewrite.php(44): require_once('D:\\customize_gifts\\public\\index.php')
CRITICAL - 2026-07-01 18:15:33 --> Error: Class "App\Controllers\OrderModel" not found
[Method: GET, Route: pay-now]
in APPPATH\Controllers\PaymentController.php on line 32.
 1 SYSTEMPATH\CodeIgniter.php(951): App\Controllers\PaymentController->payNow()
 2 SYSTEMPATH\CodeIgniter.php(497): CodeIgniter\CodeIgniter->runController(Object(App\Controllers\PaymentController))
 3 SYSTEMPATH\CodeIgniter.php(340): CodeIgniter\CodeIgniter->handleRequest(null, Object(Config\Cache), false)
 4 SYSTEMPATH\Boot.php(417): CodeIgniter\CodeIgniter->run()
 5 SYSTEMPATH\Boot.php(68): CodeIgniter\Boot::runCodeIgniter(Object(CodeIgniter\CodeIgniter))
 6 FCPATH\index.php(59): CodeIgniter\Boot::bootWeb(Object(Config\Paths))
 7 SYSTEMPATH\rewrite.php(44): require_once('D:\\customize_gifts\\public\\index.php')
